employee_id,employee_name,department,position,basic_salary,allowances,total_compensation,avg_performance_score,total_projects_completed,avg_training_hours,avg_attendance_rate,productivity_segment
6389,"Noah Isaac Mensah","Human Resources Department",Executive,2829.00,1956.00,4785.00,4.90,29,79.60,92.56,"High productivity / strong attendance"
2636,"Noah Mateo Mateo Khan","Operations Department",Analyst,10097.00,2096.00,12193.00,4.85,21,60.00,90.37,"High productivity / strong attendance"
26745,"Lina Mia Smith","Product Management Department",Consultant,7867.00,796.00,8663.00,4.84,23,72.00,91.57,"High productivity / strong attendance"
19800,"Lina Chen Ivanov","Product Management Department",Developer,4071.00,2942.00,7013.00,4.83,30,78.00,94.63,"High productivity / strong attendance"
16823,"Luca Wei Brown","Customer Support Department",Manager,11864.00,1536.00,13400.00,4.81,27,40.00,92.21,"High productivity / strong attendance"
24055,"Omar Michael Carlos Badu","Human Resources Department",Analyst,10225.00,1981.00,12206.00,4.81,22,41.80,94.75,"High productivity / strong attendance"
12675,"Maria Ananya Ivanov","Data and Analytics Department",Manager,5468.00,691.00,6159.00,4.81,37,43.00,92.82,"High productivity / strong attendance"
19253,"Olivia Victoria Aisha Schmidt","Human Resources Department",Executive,9602.00,1578.00,11180.00,4.80,28,32.20,94.74,"High productivity / strong attendance"
26362,"Noah Kwame Kojo Rossi","Product Management Department",Executive,5314.00,556.00,5870.00,4.80,17,27.60,93.00,"High productivity / strong attendance"
12266,"Olivia Hannah Akosua Williams","Operations Department",Consultant,2507.00,1937.00,4444.00,4.80,27,34.00,93.37,"High productivity / strong attendance"
18935,"Sakura Sakura Osei","Engineering Department",Consultant,14601.00,2928.00,17529.00,4.79,21,30.20,94.63,"High productivity / strong attendance"
25299,"Mateo Kwame Andres Okafor","Customer Support Department",Assistant,14251.00,507.00,14758.00,4.79,37,65.40,94.64,"High productivity / strong attendance"
24971,"Akosua Isabella Olivia Patel","Engineering Department",Consultant,12062.00,663.00,12725.00,4.79,24,55.20,91.08,"High productivity / strong attendance"
21188,"David Nathan Isaac Boateng","Engineering Department",Consultant,5980.00,901.00,6881.00,4.79,14,61.20,95.00,"High productivity / strong attendance"
5019,"Fatima Adwoa Williams","Product Management Department",Developer,4015.00,2258.00,6273.00,4.79,23,67.40,89.62,Monitor
16411,"Sophia Naomi Kim","Data and Analytics Department",Manager,13736.00,2120.00,15856.00,4.78,23,37.40,94.39,"High productivity / strong attendance"
8367,"Omar Carlos Patel","Operations Department",Executive,10745.00,1578.00,12323.00,4.78,35,27.20,91.94,"High productivity / strong attendance"
26296,"Samuel Alexander Ivanov","Product Management Department",Assistant,11149.00,611.00,11760.00,4.78,29,65.60,89.45,Monitor
20415,"Zara Lina Anderson","Data and Analytics Department",Assistant,7908.00,2643.00,10551.00,4.78,30,31.60,93.94,"High productivity / strong attendance"
9834,"Abena Maria Olivia Boateng","Data and Analytics Department",Manager,8789.00,833.00,9622.00,4.78,32,80.80,95.46,"High productivity / strong attendance"
28941,"Emily Sophia Taylor","Finance Department",Consultant,8272.00,1160.00,9432.00,4.78,39,58.60,93.07,"High productivity / strong attendance"
27265,"Victoria Ava Ananya Badu","Human Resources Department",Analyst,6439.00,1802.00,8241.00,4.78,24,54.00,91.55,"High productivity / strong attendance"
25999,"Ama Chen Maria Khan","Customer Support Department",Consultant,6797.00,1249.00,8046.00,4.78,29,74.20,91.56,"High productivity / strong attendance"
12040,"Yusuf Luca Michael Anderson","Product Management Department",Developer,3864.00,2048.00,5912.00,4.78,22,63.60,92.90,"High productivity / strong attendance"
27348,"Hiroshi Yaw Wei Lopez","Human Resources Department",Consultant,2983.00,2257.00,5240.00,4.78,42,76.60,93.87,"High productivity / strong attendance"
8386,"Nathan Alexander Andres Kim","Customer Support Department",Consultant,12707.00,2402.00,15109.00,4.77,19,73.00,93.47,"High productivity / strong attendance"
3689,"David Jean Luca Owusu","Engineering Department",Assistant,11708.00,1447.00,13155.00,4.77,39,71.60,92.08,"High productivity / strong attendance"
4238,"Zara Ananya Okafor","Engineering Department",Consultant,9380.00,2934.00,12314.00,4.77,35,76.40,95.63,"High productivity / strong attendance"
26206,"Maria Emily Naomi Adjei","Human Resources Department",Analyst,8928.00,2419.00,11347.00,4.77,25,34.40,90.58,"High productivity / strong attendance"
3289,"Isaac Carlos Mateo Adjei","Product Management Department",Executive,8315.00,2490.00,10805.00,4.77,24,47.40,92.98,"High productivity / strong attendance"
1783,"David Ivanov","Finance Department",Executive,7387.00,2624.00,10011.00,4.77,20,61.80,89.70,Monitor
19285,"Naomi Ava Aisha Okafor","Finance Department",Analyst,7402.00,2440.00,9842.00,4.77,28,54.80,90.50,"High productivity / strong attendance"
29417,"Hannah Chiamaka Akosua Williams","Marketing Department",Consultant,5630.00,2757.00,8387.00,4.77,30,79.80,89.56,Monitor
19288,"Sofia Ama Lina Johnson","Data and Analytics Department",Assistant,4497.00,1607.00,6104.00,4.77,37,34.40,94.06,"High productivity / strong attendance"
9448,"Hiroshi Arjun Nguyen","Operations Department",Analyst,3556.00,2051.00,5607.00,4.77,35,81.40,91.92,"High productivity / strong attendance"
11043,"Chiamaka Ama Sofia Kim","Marketing Department",Consultant,3351.00,1119.00,4470.00,4.77,25,39.40,90.78,"High productivity / strong attendance"
3975,"Yaw Ivanov","Engineering Department",Assistant,12660.00,2688.00,15348.00,4.76,14,63.80,90.48,"High productivity / strong attendance"
26292,"Andres Liam Liam Taylor","Product Management Department",Analyst,12114.00,2450.00,14564.00,4.76,42,32.00,94.06,"High productivity / strong attendance"
14877,"Zara Olivia Zara Owusu","Data and Analytics Department",Assistant,9376.00,691.00,10067.00,4.76,31,65.80,92.81,"High productivity / strong attendance"
6564,"Mateo Liam Michael Hassan","Engineering Department",Analyst,7827.00,2082.00,9909.00,4.76,26,68.60,89.63,Monitor
13338,"Sofia Adwoa Kim","Product Management Department",Manager,7031.00,1753.00,8784.00,4.76,26,58.60,93.01,"High productivity / strong attendance"
11173,"Kojo Omar Silva","Data and Analytics Department",Developer,3804.00,2713.00,6517.00,4.76,36,58.00,93.36,"High productivity / strong attendance"
16102,"Ella Maria Naomi Kim","Operations Department",Manager,3466.00,2439.00,5905.00,4.76,25,83.60,93.93,"High productivity / strong attendance"
23556,"Sakura Fatima Ava Silva","Data and Analytics Department",Analyst,3480.00,2260.00,5740.00,4.76,28,57.40,93.12,"High productivity / strong attendance"
19689,"Samuel Jean Arjun Ivanov","Finance Department",Manager,14356.00,640.00,14996.00,4.75,20,65.00,89.62,Monitor
14408,"Victoria Victoria Brown","Product Management Department",Assistant,12998.00,1205.00,14203.00,4.75,26,54.60,93.47,"High productivity / strong attendance"
15784,"Chen Naomi Boateng","Marketing Department",Analyst,9631.00,2635.00,12266.00,4.75,26,26.60,92.09,"High productivity / strong attendance"
27979,"Isabella Charlotte Charlotte Boateng","Human Resources Department",Developer,9087.00,2987.00,12074.00,4.75,30,71.20,95.37,"High productivity / strong attendance"
22926,"Abena Ananya Garcia","Marketing Department",Developer,8592.00,653.00,9245.00,4.75,24,82.60,93.22,"High productivity / strong attendance"
25046,"Sebastian Kofi Isaac Williams","Marketing Department",Assistant,6549.00,2202.00,8751.00,4.75,22,53.40,94.26,"High productivity / strong attendance"
15340,"Chiamaka Ava Charlotte Osei","Customer Support Department",Consultant,5506.00,2990.00,8496.00,4.75,38,32.40,93.30,"High productivity / strong attendance"
19712,"Kofi Mohammed Mateo Adjei","Human Resources Department",Assistant,3798.00,1033.00,4831.00,4.75,26,44.20,91.34,"High productivity / strong attendance"
11212,"Mia Mia Sakura Brown","Marketing Department",Manager,3099.00,1527.00,4626.00,4.75,27,53.20,91.23,"High productivity / strong attendance"
5859,"Mohammed Noah Taylor","Data and Analytics Department",Developer,13066.00,2496.00,15562.00,4.74,19,28.80,92.47,"High productivity / strong attendance"
11,"Chiamaka Victoria Hannah Rossi","Finance Department",Analyst,13112.00,2287.00,15399.00,4.74,19,38.00,94.15,"High productivity / strong attendance"
18482,"Sophia Abena Ava Williams","Marketing Department",Manager,11687.00,2980.00,14667.00,4.74,30,69.40,93.58,"High productivity / strong attendance"
26257,"Sakura Ama Ama Boateng","Product Management Department",Assistant,12978.00,1529.00,14507.00,4.74,33,28.20,91.40,"High productivity / strong attendance"
13738,"Hannah Charlotte Mensah","Operations Department",Executive,10947.00,2432.00,13379.00,4.74,27,50.40,91.21,"High productivity / strong attendance"
360,"Olivia Hannah Isabella Okafor","Product Management Department",Developer,8127.00,1359.00,9486.00,4.74,33,27.80,92.45,"High productivity / strong attendance"
26512,"Adwoa Mia Owusu","Customer Support Department",Developer,8792.00,581.00,9373.00,4.74,21,60.00,95.12,"High productivity / strong attendance"
18742,"Zara Naomi Maria Badu","Customer Support Department",Developer,6592.00,1160.00,7752.00,4.74,18,24.80,90.47,"High productivity / strong attendance"
20687,"Kojo Yaw Elijah Campbell","Engineering Department",Executive,6792.00,571.00,7363.00,4.74,23,80.40,91.92,"High productivity / strong attendance"
22445,"Chen Olivia Hannah Lee","Data and Analytics Department",Consultant,4965.00,1489.00,6454.00,4.74,31,30.80,95.19,"High productivity / strong attendance"
19509,"Chiamaka Charlotte Charlotte Rossi","Product Management Department",Analyst,2745.00,1932.00,4677.00,4.74,22,83.80,90.04,"High productivity / strong attendance"
22283,"Kwame Liam Hassan","Marketing Department",Analyst,3273.00,1047.00,4320.00,4.74,27,33.60,94.28,"High productivity / strong attendance"
22869,"Kofi Arjun Okafor","Engineering Department",Executive,14811.00,2586.00,17397.00,4.73,24,56.60,88.49,Monitor
27124,"Ethan Wei Yaw Patel","Marketing Department",Consultant,14462.00,2691.00,17153.00,4.73,22,56.80,89.30,Monitor
5848,"Elijah Yaw Wei Campbell","Engineering Department",Assistant,14198.00,2408.00,16606.00,4.73,24,67.40,92.98,"High productivity / strong attendance"
12996,"Wei Hiroshi Okafor","Engineering Department",Consultant,13599.00,2625.00,16224.00,4.73,21,62.80,92.90,"High productivity / strong attendance"
1677,"Liam Liam Adjei","Data and Analytics Department",Executive,14411.00,899.00,15310.00,4.73,19,43.00,93.57,"High productivity / strong attendance"
6320,"Maria Aisha Grace Okafor","Marketing Department",Assistant,11909.00,2674.00,14583.00,4.73,29,50.40,93.29,"High productivity / strong attendance"
26627,"Ethan Omar Kojo Adjei","Finance Department",Executive,11614.00,2374.00,13988.00,4.73,29,47.80,91.83,"High productivity / strong attendance"
4235,"Hannah Ananya Maria Kim","Marketing Department",Analyst,11760.00,2024.00,13784.00,4.73,28,84.20,93.44,"High productivity / strong attendance"
24915,"Yaw Nathan Kofi Williams","Human Resources Department",Assistant,11335.00,2206.00,13541.00,4.73,25,75.80,91.43,"High productivity / strong attendance"
2309,"Akosua Aisha Khan","Product Management Department",Analyst,11422.00,336.00,11758.00,4.73,33,74.20,94.70,"High productivity / strong attendance"
24671,"Isaac Kofi Anderson","Human Resources Department",Consultant,9254.00,1638.00,10892.00,4.73,27,30.00,94.89,"High productivity / strong attendance"
16555,"Naomi Ama Ava Nguyen","Marketing Department",Developer,8712.00,2159.00,10871.00,4.73,32,60.20,92.34,"High productivity / strong attendance"
507,"Mia Abena Schmidt","Human Resources Department",Assistant,9357.00,931.00,10288.00,4.73,31,79.80,90.01,"High productivity / strong attendance"
51,"Jean Kojo Sebastian Taylor","Marketing Department",Manager,7969.00,2244.00,10213.00,4.73,25,33.40,92.46,"High productivity / strong attendance"
4399,"Sebastian Luca Garcia","Marketing Department",Executive,5795.00,890.00,6685.00,4.73,34,42.40,92.73,"High productivity / strong attendance"
29029,"Isaac Ethan Badu","Data and Analytics Department",Developer,4435.00,1197.00,5632.00,4.73,27,59.60,95.79,"High productivity / strong attendance"
28626,"Sofia Sakura Adwoa Owusu","Product Management Department",Manager,2805.00,2047.00,4852.00,4.73,21,76.20,92.02,"High productivity / strong attendance"
2946,"Sebastian Wei Hassan","Operations Department",Developer,14746.00,2414.00,17160.00,4.72,19,47.80,97.24,"High productivity / strong attendance"
12535,"Hiroshi Isaac Isaac Nguyen","Marketing Department",Analyst,14634.00,1602.00,16236.00,4.72,25,34.80,92.18,"High productivity / strong attendance"
561,"Ethan Campbell","Human Resources Department",Manager,14379.00,729.00,15108.00,4.72,23,36.40,90.94,"High productivity / strong attendance"
2407,"Nathan Carlos Anderson","Marketing Department",Analyst,11741.00,2561.00,14302.00,4.72,21,52.40,93.68,"High productivity / strong attendance"
8992,"Alexander Alexander Smith","Marketing Department",Analyst,12696.00,973.00,13669.00,4.72,40,86.20,95.14,"High productivity / strong attendance"
14987,"Arjun Yusuf Brown","Customer Support Department",Analyst,11467.00,2171.00,13638.00,4.72,18,25.20,90.69,"High productivity / strong attendance"
18075,"Michael Omar Isaac Patel","Human Resources Department",Manager,10984.00,2106.00,13090.00,4.72,26,75.80,92.99,"High productivity / strong attendance"
2398,"Chiamaka Isabella Isabella Anderson","Data and Analytics Department",Consultant,10123.00,1883.00,12006.00,4.72,28,74.60,94.38,"High productivity / strong attendance"
4033,"Emily Ava Sakura Osei","Marketing Department",Executive,9161.00,2708.00,11869.00,4.72,26,42.20,90.47,"High productivity / strong attendance"
17626,"Charlotte Sakura Akosua Schmidt","Customer Support Department",Executive,10003.00,1342.00,11345.00,4.72,26,61.00,96.21,"High productivity / strong attendance"
6967,"Yaw Nathan Boateng","Customer Support Department",Analyst,8164.00,2969.00,11133.00,4.72,37,68.80,93.49,"High productivity / strong attendance"
15615,"Sophia Ella Mia Garcia","Engineering Department",Analyst,9515.00,1544.00,11059.00,4.72,27,82.40,94.20,"High productivity / strong attendance"
2867,"Mia Maria Charlotte Badu","Marketing Department",Consultant,8055.00,2793.00,10848.00,4.72,33,65.40,93.42,"High productivity / strong attendance"
19923,"Liam Yaw Dubois","Engineering Department",Developer,9691.00,1105.00,10796.00,4.72,33,30.00,96.82,"High productivity / strong attendance"
758,"Chen Silva","Marketing Department",Developer,9979.00,803.00,10782.00,4.72,22,32.60,93.11,"High productivity / strong attendance"
19409,"Chiamaka Naomi Ama Schmidt","Finance Department",Executive,9468.00,1093.00,10561.00,4.72,26,44.80,93.64,"High productivity / strong attendance"
21918,"Chiamaka Adwoa Okafor","Human Resources Department",Consultant,8734.00,1336.00,10070.00,4.72,31,85.40,94.25,"High productivity / strong attendance"
13121,"Yaw Mateo Johnson","Human Resources Department",Assistant,4795.00,2665.00,7460.00,4.72,36,56.00,90.96,"High productivity / strong attendance"
5268,"Adwoa Maria Silva","Marketing Department",Consultant,6430.00,973.00,7403.00,4.72,21,68.80,91.65,"High productivity / strong attendance"
27134,"Abena Grace Mensah","Data and Analytics Department",Developer,4861.00,1738.00,6599.00,4.72,24,82.00,90.46,"High productivity / strong attendance"
14194,"Kofi Daniel Rossi","Product Management Department",Manager,3835.00,2633.00,6468.00,4.72,33,47.40,93.36,"High productivity / strong attendance"
17151,"Samuel Mohammed Mohammed Johnson","Customer Support Department",Developer,4666.00,1476.00,6142.00,4.72,38,32.20,92.72,"High productivity / strong attendance"
15296,"Kwame Kwame Arjun Brown","Marketing Department",Analyst,4812.00,622.00,5434.00,4.72,24,43.80,90.89,"High productivity / strong attendance"
5987,"Wei David Mohammed Silva","Operations Department",Assistant,4548.00,652.00,5200.00,4.72,25,68.80,89.55,Monitor
25104,"Akosua Akosua Chen Badu","Customer Support Department",Manager,4615.00,452.00,5067.00,4.72,29,31.60,93.16,"High productivity / strong attendance"
4848,"Wei Mateo Silva","Marketing Department",Consultant,2741.00,2071.00,4812.00,4.72,13,80.40,91.14,"High productivity / strong attendance"
17678,"Abena Ama Akosua Osei","Engineering Department",Executive,2720.00,1531.00,4251.00,4.72,21,67.80,92.92,"High productivity / strong attendance"
17307,"Ella Olivia Kim","Data and Analytics Department",Analyst,13697.00,2088.00,15785.00,4.71,30,38.60,94.06,"High productivity / strong attendance"
2065,"Kwame Liam Samuel Patel","Customer Support Department",Analyst,12235.00,2849.00,15084.00,4.71,41,70.20,91.70,"High productivity / strong attendance"
5696,"Kwame Michael Boateng","Engineering Department",Consultant,13057.00,1938.00,14995.00,4.71,28,66.40,92.91,"High productivity / strong attendance"
17904,"Wei Mateo Kwame Williams","Human Resources Department",Executive,12255.00,1752.00,14007.00,4.71,29,74.00,91.99,"High productivity / strong attendance"
9063,"Grace Ananya Silva","Data and Analytics Department",Assistant,12768.00,1221.00,13989.00,4.71,27,44.40,93.64,"High productivity / strong attendance"
11520,"Kwame Liam Boateng","Finance Department",Manager,10616.00,2683.00,13299.00,4.71,24,26.40,95.05,"High productivity / strong attendance"
16057,"Luca Ethan Omar Lopez","Data and Analytics Department",Consultant,11146.00,307.00,11453.00,4.71,19,66.40,94.20,"High productivity / strong attendance"
1408,"Abena Charlotte Maria Ivanov","Operations Department",Assistant,9096.00,2004.00,11100.00,4.71,24,78.00,90.30,"High productivity / strong attendance"
4577,"Liam Ethan Elijah Lee","Marketing Department",Executive,10053.00,1001.00,11054.00,4.71,37,84.40,93.78,"High productivity / strong attendance"
8208,"Michael Andres Mateo Silva","Human Resources Department",Consultant,7822.00,2657.00,10479.00,4.71,39,62.00,91.49,"High productivity / strong attendance"
1095,"Victoria Akosua Williams","Finance Department",Developer,8688.00,1547.00,10235.00,4.71,27,35.60,88.93,Monitor
482,"Olivia Lina Sofia Osei","Marketing Department",Analyst,8311.00,1803.00,10114.00,4.71,23,62.80,91.28,"High productivity / strong attendance"
10805,"Kofi Luca Kojo Rossi","Data and Analytics Department",Analyst,9241.00,732.00,9973.00,4.71,31,31.60,91.86,"High productivity / strong attendance"
5397,"Michael Elijah Khan","Customer Support Department",Manager,7396.00,1866.00,9262.00,4.71,27,22.60,94.69,"High productivity / strong attendance"
16875,"Akosua Emily Taylor","Product Management Department",Analyst,6445.00,593.00,7038.00,4.71,22,72.60,93.67,"High productivity / strong attendance"
12805,"Omar Michael David Owusu","Data and Analytics Department",Consultant,5012.00,1864.00,6876.00,4.71,29,48.60,95.12,"High productivity / strong attendance"
3836,"Sofia Fatima Martinez","Data and Analytics Department",Executive,5419.00,921.00,6340.00,4.71,28,79.00,90.05,"High productivity / strong attendance"
4314,"Isaac Luca Mohammed Badu","Engineering Department",Analyst,5852.00,414.00,6266.00,4.71,37,84.60,92.41,"High productivity / strong attendance"
16740,"Samuel Alexander Arjun Johnson","Product Management Department",Manager,13372.00,1174.00,14546.00,4.70,25,83.00,91.72,"High productivity / strong attendance"
20170,"Mohammed Mohammed Andres Nguyen","Finance Department",Executive,13331.00,1091.00,14422.00,4.70,31,44.60,92.55,"High productivity / strong attendance"
9048,"Olivia Emily Lina Kim","Operations Department",Assistant,13585.00,495.00,14080.00,4.70,22,46.60,95.28,"High productivity / strong attendance"
17975,"Maria Chiamaka Sofia Dubois","Customer Support Department",Consultant,13048.00,1023.00,14071.00,4.70,29,26.40,94.80,"High productivity / strong attendance"
8182,"Maria Naomi Mia Okafor","Operations Department",Developer,11507.00,2303.00,13810.00,4.70,37,77.80,92.17,"High productivity / strong attendance"
15655,"Arjun Sebastian Taylor","Human Resources Department",Assistant,12205.00,1421.00,13626.00,4.70,31,86.00,93.52,"High productivity / strong attendance"
23212,"Abena Adwoa Adwoa Mensah","Finance Department",Developer,10545.00,2789.00,13334.00,4.70,26,67.00,93.46,"High productivity / strong attendance"
4126,"Chiamaka Ava Lee","Operations Department",Consultant,11093.00,1876.00,12969.00,4.70,28,86.40,94.99,"High productivity / strong attendance"
18801,"Omar Noah Isaac Dubois","Marketing Department",Developer,10990.00,1209.00,12199.00,4.70,22,52.80,91.39,"High productivity / strong attendance"
26616,"Sophia Maria Nguyen","Finance Department",Analyst,9694.00,2385.00,12079.00,4.70,28,32.60,91.46,"High productivity / strong attendance"
26186,"Carlos Carlos Anderson","Customer Support Department",Assistant,8927.00,2463.00,11390.00,4.70,34,66.60,91.15,"High productivity / strong attendance"
8324,"Maria Sakura Ama Silva","Human Resources Department",Assistant,8820.00,2455.00,11275.00,4.70,23,46.60,96.32,"High productivity / strong attendance"
9334,"Liam Sebastian Ivanov","Engineering Department",Developer,9654.00,505.00,10159.00,4.70,25,35.00,90.48,"High productivity / strong attendance"
10357,"Abena Sakura Silva","Marketing Department",Manager,7216.00,2519.00,9735.00,4.70,25,78.60,91.37,"High productivity / strong attendance"
5132,"Fatima Emily Owusu","Engineering Department",Consultant,7989.00,622.00,8611.00,4.70,30,51.60,93.22,"High productivity / strong attendance"
8248,"Charlotte Ama Ama Dubois","Product Management Department",Developer,6904.00,1642.00,8546.00,4.70,21,29.00,92.01,"High productivity / strong attendance"
9632,"Kwame Noah Kofi Hassan","Operations Department",Manager,7839.00,701.00,8540.00,4.70,34,70.40,88.50,Monitor
4306,"Kwame Kofi Johnson","Product Management Department",Executive,7518.00,928.00,8446.00,4.70,35,57.00,90.51,"High productivity / strong attendance"
23838,"Samuel Mateo Jean Smith","Human Resources Department",Assistant,7294.00,823.00,8117.00,4.70,25,65.20,94.70,"High productivity / strong attendance"
16101,"Ella Aisha Ella Campbell","Marketing Department",Consultant,6597.00,1404.00,8001.00,4.70,31,82.00,91.81,"High productivity / strong attendance"
4433,"Omar Elijah Dubois","Human Resources Department",Developer,5119.00,2872.00,7991.00,4.70,25,69.80,95.67,"High productivity / strong attendance"
945,"Lina Mensah","Customer Support Department",Analyst,5213.00,2442.00,7655.00,4.70,36,54.60,91.55,"High productivity / strong attendance"
9750,"Lina Isabella Dubois","Product Management Department",Analyst,4515.00,2840.00,7355.00,4.70,27,35.40,91.91,"High productivity / strong attendance"
6676,"Fatima Mia Naomi Lopez","Data and Analytics Department",Analyst,5642.00,1628.00,7270.00,4.70,30,34.40,95.20,"High productivity / strong attendance"
8181,"David Sebastian Omar Johnson","Product Management Department",Consultant,4316.00,2473.00,6789.00,4.70,34,84.00,90.12,"High productivity / strong attendance"
20465,"Isabella Abena Grace Anderson","Customer Support Department",Executive,4811.00,1125.00,5936.00,4.70,30,52.60,92.13,"High productivity / strong attendance"
18450,"Elijah Michael Schmidt","Marketing Department",Analyst,3087.00,1667.00,4754.00,4.70,36,50.00,91.04,"High productivity / strong attendance"
141,"Grace Mia Khan","Engineering Department",Manager,2720.00,1355.00,4075.00,4.70,28,66.80,93.35,"High productivity / strong attendance"
22515,"Isabella Isabella Campbell","Finance Department",Consultant,2619.00,301.00,2920.00,4.70,33,48.80,90.19,"High productivity / strong attendance"
20185,"Samuel Isaac Yusuf Ivanov","Engineering Department",Analyst,13860.00,2923.00,16783.00,4.69,39,30.60,92.90,"High productivity / strong attendance"
7125,"Sakura Chen Hannah Johnson","Operations Department",Executive,14829.00,842.00,15671.00,4.69,27,83.60,94.34,"High productivity / strong attendance"
571,"Maria Garcia","Data and Analytics Department",Executive,13848.00,1215.00,15063.00,4.69,22,67.00,93.61,"High productivity / strong attendance"
5334,"Aisha Naomi Brown","Finance Department",Analyst,12904.00,2148.00,15052.00,4.69,31,34.40,91.26,"High productivity / strong attendance"
3040,"Samuel Kojo Hassan","Product Management Department",Assistant,13308.00,1584.00,14892.00,4.69,26,37.40,94.72,"High productivity / strong attendance"
15164,"Nathan Wei David Lee","Engineering Department",Assistant,11916.00,2556.00,14472.00,4.69,25,46.60,93.10,"High productivity / strong attendance"
10965,"Mohammed Carlos Taylor","Human Resources Department",Developer,13758.00,546.00,14304.00,4.69,23,30.00,89.07,Monitor
2122,"Isabella Isabella Ava Schmidt","Operations Department",Analyst,11411.00,2612.00,14023.00,4.69,26,82.00,96.09,"High productivity / strong attendance"
16730,"Michael Yusuf Wei Patel","Data and Analytics Department",Analyst,12599.00,1291.00,13890.00,4.69,24,73.60,92.56,"High productivity / strong attendance"
19097,"Yaw David David Lopez","Product Management Department",Assistant,11176.00,2435.00,13611.00,4.69,25,71.20,95.28,"High productivity / strong attendance"
29762,"Hannah Zara Lopez","Engineering Department",Analyst,10893.00,2379.00,13272.00,4.69,12,63.80,91.39,"High productivity / strong attendance"
23196,"Samuel Nathan Rossi","Marketing Department",Developer,11745.00,1182.00,12927.00,4.69,29,51.40,91.42,"High productivity / strong attendance"
27748,"Sakura Olivia Mensah","Finance Department",Manager,10778.00,2056.00,12834.00,4.69,38,41.40,94.38,"High productivity / strong attendance"
20969,"Yusuf Kwame Elijah Lee","Customer Support Department",Assistant,10811.00,1030.00,11841.00,4.69,33,62.40,87.96,Monitor
3670,"Elijah Andres Kim","Product Management Department",Manager,8572.00,2352.00,10924.00,4.69,24,84.00,90.39,"High productivity / strong attendance"
26349,"Arjun Hiroshi Garcia","Operations Department",Consultant,8680.00,1610.00,10290.00,4.69,20,77.80,88.92,Monitor
18447,"Alexander Alexander Kwame Williams","Operations Department",Developer,8898.00,973.00,9871.00,4.69,31,56.80,89.48,Monitor
24149,"Lina Abena Garcia","Finance Department",Analyst,7662.00,2031.00,9693.00,4.69,35,40.80,90.89,"High productivity / strong attendance"
1052,"Omar Daniel Wei Taylor","Product Management Department",Developer,7690.00,1418.00,9108.00,4.69,21,77.60,95.48,"High productivity / strong attendance"
7248,"Isabella Ama Sofia Lopez","Marketing Department",Consultant,7505.00,330.00,7835.00,4.69,23,68.40,92.36,"High productivity / strong attendance"
17589,"Samuel Noah Yusuf Brown","Operations Department",Manager,5129.00,2399.00,7528.00,4.69,32,50.60,89.75,Monitor
2183,"Yaw Sebastian Khan","Data and Analytics Department",Developer,6312.00,839.00,7151.00,4.69,39,65.60,94.24,"High productivity / strong attendance"
17991,"Victoria Ava Charlotte Anderson","Finance Department",Analyst,4115.00,2877.00,6992.00,4.69,23,34.00,94.12,"High productivity / strong attendance"
16046,"Noah Wei Mateo Patel","Customer Support Department",Analyst,4245.00,2711.00,6956.00,4.69,24,53.60,95.01,"High productivity / strong attendance"
18830,"Samuel Arjun Arjun Mensah","Operations Department",Manager,6533.00,394.00,6927.00,4.69,30,58.60,93.13,"High productivity / strong attendance"
23668,"Sophia Ananya Sophia Mensah","Customer Support Department",Developer,4917.00,1878.00,6795.00,4.69,26,24.20,92.08,"High productivity / strong attendance"
16574,"Samuel Hiroshi Ivanov","Data and Analytics Department",Executive,6050.00,649.00,6699.00,4.69,28,42.60,91.65,"High productivity / strong attendance"
27533,"Daniel Kojo Andres Silva","Finance Department",Developer,5346.00,1240.00,6586.00,4.69,32,82.00,91.77,"High productivity / strong attendance"
20685,"Ethan Liam Dubois","Customer Support Department",Assistant,4425.00,1859.00,6284.00,4.69,34,76.20,92.98,"High productivity / strong attendance"
13095,"Isaac Omar Schmidt","Finance Department",Consultant,4985.00,859.00,5844.00,4.69,38,68.80,91.65,"High productivity / strong attendance"
16453,"Olivia Ava Mensah","Operations Department",Manager,4385.00,1200.00,5585.00,4.69,36,40.20,93.78,"High productivity / strong attendance"
20166,"Victoria Naomi Mensah","Operations Department",Manager,3336.00,2204.00,5540.00,4.69,18,28.00,92.51,"High productivity / strong attendance"
16978,"Zara Olivia Anderson","Human Resources Department",Developer,4098.00,1270.00,5368.00,4.69,24,41.00,95.26,"High productivity / strong attendance"
28087,"Sofia Charlotte Lopez","Finance Department",Manager,3544.00,1691.00,5235.00,4.69,26,38.20,89.81,Monitor
26396,"Wei Alexander Taylor","Marketing Department",Analyst,4056.00,477.00,4533.00,4.69,28,36.00,94.66,"High productivity / strong attendance"
22331,"Charlotte Isabella Patel","Engineering Department",Consultant,4077.00,336.00,4413.00,4.69,17,67.20,90.98,"High productivity / strong attendance"
29131,"Elijah Kwame David Campbell","Customer Support Department",Developer,13960.00,2609.00,16569.00,4.68,34,29.80,90.40,"High productivity / strong attendance"
6403,"Grace Abena Boateng","Human Resources Department",Consultant,14382.00,1772.00,16154.00,4.68,20,64.40,90.89,"High productivity / strong attendance"
14766,"Naomi Chiamaka Badu","Operations Department",Analyst,11823.00,2737.00,14560.00,4.68,29,23.40,93.39,"High productivity / strong attendance"
25435,"Hannah Adwoa Charlotte Williams","Operations Department",Consultant,11427.00,2664.00,14091.00,4.68,28,88.00,91.69,"High productivity / strong attendance"
26468,"Akosua Emily Grace Martinez","Marketing Department",Consultant,11957.00,1621.00,13578.00,4.68,34,59.60,93.55,"High productivity / strong attendance"
14490,"Alexander Jean Adjei","Finance Department",Manager,12425.00,1035.00,13460.00,4.68,27,56.20,89.55,Monitor
7900,"Andres Hiroshi Daniel Owusu","Product Management Department",Developer,12581.00,432.00,13013.00,4.68,20,61.00,95.11,"High productivity / strong attendance"
22056,"Yaw Omar Rossi","Customer Support Department",Executive,10946.00,1539.00,12485.00,4.68,25,70.00,94.35,"High productivity / strong attendance"
16128,"Victoria Chen Okafor","Data and Analytics Department",Executive,10404.00,1782.00,12186.00,4.68,31,84.20,91.40,"High productivity / strong attendance"
14341,"Hiroshi Yaw Mensah","Data and Analytics Department",Analyst,11493.00,681.00,12174.00,4.68,18,37.40,93.44,"High productivity / strong attendance"
29348,"Sophia Adwoa Patel","Marketing Department",Assistant,9599.00,2232.00,11831.00,4.68,25,25.00,93.39,"High productivity / strong attendance"
1178,"Hannah Isabella Isabella Taylor","Operations Department",Executive,11074.00,344.00,11418.00,4.68,32,62.40,94.09,"High productivity / strong attendance"
8819,"Luca Arjun Badu","Customer Support Department",Manager,9056.00,2147.00,11203.00,4.68,18,40.60,92.72,"High productivity / strong attendance"
15290,"Carlos Yusuf Dubois","Engineering Department",Assistant,8400.00,1587.00,9987.00,4.68,25,42.00,89.56,Monitor
3667,"Olivia Sophia Chen Badu","Marketing Department",Analyst,8688.00,712.00,9400.00,4.68,38,70.60,94.59,"High productivity / strong attendance"
22205,"Olivia Mia Mia Dubois","Customer Support Department",Manager,8286.00,1067.00,9353.00,4.68,9,20.40,91.41,"High productivity / strong attendance"
1503,"Omar Ethan Kim","Finance Department",Analyst,6562.00,2480.00,9042.00,4.68,31,54.40,94.05,"High productivity / strong attendance"
27885,"Sofia Maria Maria Mensah","Product Management Department",Assistant,8094.00,741.00,8835.00,4.68,31,52.00,94.27,"High productivity / strong attendance"
333,"Kofi Ethan Isaac Rossi","Engineering Department",Developer,6697.00,1784.00,8481.00,4.68,26,67.00,90.83,"High productivity / strong attendance"
28520,"Luca Liam David Dubois","Marketing Department",Consultant,7592.00,762.00,8354.00,4.68,21,76.20,94.19,"High productivity / strong attendance"
14110,"Michael Yaw Omar Johnson","Customer Support Department",Developer,5403.00,2747.00,8150.00,4.68,30,54.60,93.68,"High productivity / strong attendance"
8814,"Ethan Hiroshi Williams","Marketing Department",Assistant,6538.00,564.00,7102.00,4.68,33,73.60,87.06,Monitor
25085,"Grace Ella Smith","Human Resources Department",Executive,4771.00,1916.00,6687.00,4.68,35,65.00,92.95,"High productivity / strong attendance"
14574,"Akosua Victoria Rossi","Data and Analytics Department",Analyst,5519.00,1012.00,6531.00,4.68,34,72.80,91.97,"High productivity / strong attendance"
20588,"Carlos Noah Ivanov","Product Management Department",Consultant,3739.00,2609.00,6348.00,4.68,35,69.00,93.06,"High productivity / strong attendance"
21853,"Emily Chen Adwoa Lee","Product Management Department",Consultant,4624.00,1141.00,5765.00,4.68,38,74.80,91.85,"High productivity / strong attendance"
10913,"Maria Abena Maria Smith","Human Resources Department",Manager,5282.00,307.00,5589.00,4.68,14,83.60,92.83,"High productivity / strong attendance"
21109,"Kwame Carlos Mensah","Product Management Department",Consultant,2730.00,2452.00,5182.00,4.68,23,31.60,93.53,"High productivity / strong attendance"
27403,"Emily Victoria Chiamaka Adjei","Data and Analytics Department",Developer,3028.00,1834.00,4862.00,4.68,36,48.60,93.94,"High productivity / strong attendance"
11104,"Emily Lina Campbell","Product Management Department",Analyst,3979.00,491.00,4470.00,4.68,25,79.60,89.79,Monitor
7724,"Mateo Hiroshi Hiroshi Owusu","Customer Support Department",Manager,2814.00,555.00,3369.00,4.68,17,61.40,93.59,"High productivity / strong attendance"
1313,"Maria Chiamaka Johnson","Customer Support Department",Analyst,14371.00,2837.00,17208.00,4.67,28,28.00,92.95,"High productivity / strong attendance"
21345,"Elijah Mateo Mohammed Khan","Data and Analytics Department",Analyst,14912.00,1289.00,16201.00,4.67,36,50.60,94.81,"High productivity / strong attendance"
3284,"Abena Ava Charlotte Osei","Finance Department",Manager,14963.00,761.00,15724.00,4.67,26,64.00,93.44,"High productivity / strong attendance"
15651,"Mateo Samuel Owusu","Marketing Department",Developer,14343.00,1216.00,15559.00,4.67,23,25.60,91.61,"High productivity / strong attendance"
23986,"David Yaw Ethan Anderson","Operations Department",Analyst,12061.00,2944.00,15005.00,4.67,17,81.20,92.44,"High productivity / strong attendance"
21480,"Noah Samuel Brown","Customer Support Department",Manager,13425.00,1488.00,14913.00,4.67,30,37.00,94.05,"High productivity / strong attendance"
14338,"Noah Sebastian Lee","Customer Support Department",Developer,13342.00,1010.00,14352.00,4.67,24,58.80,94.29,"High productivity / strong attendance"
17753,"Luca Ethan Ethan Owusu","Data and Analytics Department",Executive,13140.00,1064.00,14204.00,4.67,23,34.80,94.27,"High productivity / strong attendance"
3503,"Isabella Adwoa Sakura Mensah","Operations Department",Assistant,13021.00,1136.00,14157.00,4.67,35,44.80,95.70,"High productivity / strong attendance"
14048,"Maria Naomi Chen Osei","Marketing Department",Manager,12740.00,1229.00,13969.00,4.67,31,62.80,92.14,"High productivity / strong attendance"
6263,"David Kwame Sebastian Adjei","Human Resources Department",Consultant,12603.00,1216.00,13819.00,4.67,22,28.80,90.48,"High productivity / strong attendance"
17183,"Daniel Isaac Rossi","Finance Department",Analyst,12105.00,1187.00,13292.00,4.67,22,29.80,90.30,"High productivity / strong attendance"
18190,"Hiroshi Liam Samuel Osei","Marketing Department",Assistant,12174.00,1000.00,13174.00,4.67,36,57.00,90.83,"High productivity / strong attendance"
1029,"Victoria Sofia Badu","Finance Department",Analyst,10298.00,1951.00,12249.00,4.67,21,23.80,90.07,"High productivity / strong attendance"
9126,"Abena Sophia Owusu","Human Resources Department",Manager,10332.00,1850.00,12182.00,4.67,35,77.40,91.40,"High productivity / strong attendance"
15157,"Kofi Wei Alexander Patel","Finance Department",Manager,8954.00,2989.00,11943.00,4.67,22,46.80,91.21,"High productivity / strong attendance"
4625,"Grace Victoria Sakura Taylor","Product Management Department",Developer,10837.00,872.00,11709.00,4.67,28,30.20,91.90,"High productivity / strong attendance"
18255,"Sakura Grace Grace Lopez","Customer Support Department",Executive,8896.00,1454.00,10350.00,4.67,26,49.60,95.11,"High productivity / strong attendance"
14521,"Sophia Emily Garcia","Customer Support Department",Assistant,8763.00,555.00,9318.00,4.67,34,59.80,94.05,"High productivity / strong attendance"
7894,"Ama Ava Ava Badu","Customer Support Department",Assistant,8694.00,511.00,9205.00,4.67,35,74.20,94.30,"High productivity / strong attendance"
14105,"Mateo Elijah Luca Campbell","Customer Support Department",Consultant,7565.00,1526.00,9091.00,4.67,25,59.60,92.98,"High productivity / strong attendance"
25635,"Maria Ava Lina Smith","Finance Department",Analyst,5492.00,1964.00,7456.00,4.67,34,64.00,94.06,"High productivity / strong attendance"
19963,"Nathan David Samuel Lee","Marketing Department",Consultant,5496.00,1230.00,6726.00,4.67,33,62.80,93.71,"High productivity / strong attendance"
11975,"Akosua Ananya Zara Brown","Product Management Department",Manager,4093.00,2162.00,6255.00,4.67,37,53.80,91.76,"High productivity / strong attendance"
18223,"Mohammed Liam Jean Mensah","Product Management Department",Developer,5713.00,335.00,6048.00,4.67,33,64.40,93.37,"High productivity / strong attendance"
13926,"Hiroshi Liam Lopez","Data and Analytics Department",Analyst,4252.00,1487.00,5739.00,4.67,30,74.40,96.23,"High productivity / strong attendance"
14626,"Lina Zara Victoria Campbell","Finance Department",Analyst,3990.00,1695.00,5685.00,4.67,23,28.80,93.72,"High productivity / strong attendance"
2765,"Chiamaka Charlotte Sophia Martinez","Product Management Department",Consultant,4790.00,877.00,5667.00,4.67,22,50.60,94.75,"High productivity / strong attendance"
7444,"Omar Michael Carlos Lopez","Data and Analytics Department",Developer,3550.00,1606.00,5156.00,4.67,39,53.80,89.44,Monitor
548,"Liam Daniel Noah Okafor","Customer Support Department",Developer,3865.00,1113.00,4978.00,4.67,30,83.20,91.50,"High productivity / strong attendance"
22661,"Lina Maria Olivia Campbell","Data and Analytics Department",Consultant,3040.00,1375.00,4415.00,4.67,32,71.00,92.49,"High productivity / strong attendance"
11589,"Samuel Alexander Jean Williams","Engineering Department",Manager,3013.00,1303.00,4316.00,4.67,28,41.00,92.42,"High productivity / strong attendance"
25449,"Alexander Jean David Brown","Marketing Department",Analyst,2644.00,720.00,3364.00,4.67,18,17.60,92.37,"High productivity / strong attendance"
7978,"Ama Naomi Charlotte Garcia","Product Management Department",Developer,14546.00,2569.00,17115.00,4.66,30,70.40,89.64,Monitor
3616,"Elijah Arjun Hiroshi Boateng","Engineering Department",Analyst,13668.00,2224.00,15892.00,4.66,34,58.60,91.28,"High productivity / strong attendance"
26000,"Yaw Kojo Alexander Lee","Human Resources Department",Developer,13689.00,2192.00,15881.00,4.66,30,63.60,93.87,"High productivity / strong attendance"
5357,"Wei Isaac Dubois","Engineering Department",Developer,12699.00,2113.00,14812.00,4.66,23,60.60,91.84,"High productivity / strong attendance"
11419,"Akosua Hannah Okafor","Human Resources Department",Consultant,13545.00,927.00,14472.00,4.66,32,34.80,93.18,"High productivity / strong attendance"
13315,"Isaac Alexander Campbell","Customer Support Department",Analyst,11441.00,2888.00,14329.00,4.66,37,73.80,92.25,"High productivity / strong attendance"
22710,"Hiroshi Kwame Schmidt","Product Management Department",Analyst,13259.00,1067.00,14326.00,4.66,39,75.80,94.77,"High productivity / strong attendance"
26915,"Maria Akosua Grace Okafor","Data and Analytics Department",Consultant,13404.00,673.00,14077.00,4.66,19,79.60,91.65,"High productivity / strong attendance"
17967,"Isaac Daniel Samuel Hassan","Product Management Department",Analyst,12638.00,883.00,13521.00,4.66,19,73.80,93.00,"High productivity / strong attendance"
7553,"Alexander Wei Wei Anderson","Data and Analytics Department",Executive,11608.00,1795.00,13403.00,4.66,20,28.00,94.80,"High productivity / strong attendance"
8086,"Hannah Sophia Victoria Nguyen","Finance Department",Analyst,10942.00,2243.00,13185.00,4.66,31,57.80,90.78,"High productivity / strong attendance"
24423,"Naomi Sophia Akosua Williams","Finance Department",Analyst,12195.00,970.00,13165.00,4.66,31,38.40,91.30,"High productivity / strong attendance"
4998,"Yusuf Ethan Ethan Patel","Marketing Department",Analyst,10846.00,2281.00,13127.00,4.66,31,68.40,94.60,"High productivity / strong attendance"
16757,"Mia Lina Okafor","Marketing Department",Consultant,10813.00,2163.00,12976.00,4.66,32,66.80,89.41,Monitor
28198,"Kofi Andres Ethan Okafor","Customer Support Department",Assistant,11762.00,950.00,12712.00,4.66,17,65.60,94.10,"High productivity / strong attendance"
16390,"Lina Ava Ama Johnson","Marketing Department",Assistant,11115.00,1483.00,12598.00,4.66,37,65.40,94.13,"High productivity / strong attendance"
10629,"Olivia Hannah Schmidt","Customer Support Department",Consultant,11817.00,751.00,12568.00,4.66,16,38.00,90.14,"High productivity / strong attendance"
14392,"Andres Nathan Samuel Ivanov","Marketing Department",Executive,10108.00,2105.00,12213.00,4.66,16,44.20,91.43,"High productivity / strong attendance"
25123,"Nathan Yusuf Martinez","Data and Analytics Department",Executive,9577.00,2529.00,12106.00,4.66,28,62.00,94.80,"High productivity / strong attendance"
13017,"Carlos Alexander Yusuf Campbell","Data and Analytics Department",Executive,9720.00,2100.00,11820.00,4.66,31,49.40,90.99,"High productivity / strong attendance"
12481,"Isabella Mia Grace Taylor","Human Resources Department",Manager,10272.00,716.00,10988.00,4.66,29,30.40,91.33,"High productivity / strong attendance"
3597,"Zara Charlotte Sophia Owusu","Human Resources Department",Executive,8400.00,2239.00,10639.00,4.66,30,63.80,92.84,"High productivity / strong attendance"
28530,"Mia Zara Zara Brown","Product Management Department",Consultant,8951.00,1225.00,10176.00,4.66,28,43.60,89.59,Monitor
197,"Ella Lina Lopez","Operations Department",Assistant,8575.00,1188.00,9763.00,4.66,37,52.00,93.96,"High productivity / strong attendance"
11748,"Liam Carlos Khan","Product Management Department",Executive,7919.00,1804.00,9723.00,4.66,33,42.60,92.69,"High productivity / strong attendance"
23270,"Sakura Naomi Schmidt","Data and Analytics Department",Assistant,6702.00,2287.00,8989.00,4.66,24,41.40,90.89,"High productivity / strong attendance"
19515,"Zara Lina Sophia Martinez","Customer Support Department",Consultant,7902.00,839.00,8741.00,4.66,35,42.40,92.62,"High productivity / strong attendance"
7855,"Abena Rossi","Product Management Department",Executive,6566.00,1782.00,8348.00,4.66,28,75.40,92.95,"High productivity / strong attendance"
19503,"David Mohammed David Kim","Finance Department",Analyst,6371.00,1667.00,8038.00,4.66,19,48.60,93.77,"High productivity / strong attendance"
10801,"Abena Sophia Adwoa Lopez","Marketing Department",Manager,5566.00,2196.00,7762.00,4.66,29,75.80,91.12,"High productivity / strong attendance"
29614,"Carlos Arjun Ivanov","Human Resources Department",Analyst,5522.00,2029.00,7551.00,4.66,36,71.80,94.80,"High productivity / strong attendance"
13533,"Kwame Mohammed Badu","Operations Department",Developer,5363.00,2077.00,7440.00,4.66,27,33.40,94.51,"High productivity / strong attendance"
17261,"Ananya Akosua Anderson","Human Resources Department",Executive,4237.00,2897.00,7134.00,4.66,23,28.00,92.52,"High productivity / strong attendance"
9881,"Yusuf Daniel Omar Badu","Product Management Department",Consultant,5464.00,1439.00,6903.00,4.66,37,58.00,91.05,"High productivity / strong attendance"
3973,"Luca Sebastian Garcia","Data and Analytics Department",Consultant,5010.00,903.00,5913.00,4.66,22,55.60,94.37,"High productivity / strong attendance"
17716,"Ethan Daniel Owusu","Engineering Department",Consultant,4664.00,1116.00,5780.00,4.66,17,60.20,92.52,"High productivity / strong attendance"
3184,"Liam Samuel Schmidt","Data and Analytics Department",Developer,5361.00,414.00,5775.00,4.66,17,31.80,96.36,"High productivity / strong attendance"
15190,"Elijah Alexander Yaw Ivanov","Operations Department",Analyst,4275.00,1235.00,5510.00,4.66,22,85.40,91.08,"High productivity / strong attendance"
2594,"Daniel Carlos Arjun Taylor","Engineering Department",Manager,3650.00,1688.00,5338.00,4.66,14,53.20,97.83,"High productivity / strong attendance"
23001,"Charlotte Sakura Grace Brown","Operations Department",Assistant,2870.00,1685.00,4555.00,4.66,26,28.20,92.07,"High productivity / strong attendance"
13952,"Akosua Victoria Olivia Garcia","Data and Analytics Department",Analyst,2741.00,1713.00,4454.00,4.66,31,37.40,91.60,"High productivity / strong attendance"
8870,"Abena Naomi Garcia","Engineering Department",Consultant,3302.00,1119.00,4421.00,4.66,25,86.60,95.10,"High productivity / strong attendance"
22966,"Aisha Adwoa Owusu","Marketing Department",Consultant,3438.00,324.00,3762.00,4.66,25,64.00,91.08,"High productivity / strong attendance"
10578,"Jean Elijah Ivanov","Marketing Department",Developer,14568.00,2949.00,17517.00,4.65,24,54.00,91.34,"High productivity / strong attendance"
28330,"Chen Abena Aisha Hassan","Product Management Department",Consultant,14474.00,2480.00,16954.00,4.65,29,38.00,93.06,"High productivity / strong attendance"
12586,"Chen Sakura Hannah Adjei","Operations Department",Analyst,14704.00,1868.00,16572.00,4.65,31,67.60,89.85,Monitor
12460,"Nathan Noah Nathan Boateng","Engineering Department",Analyst,13543.00,2786.00,16329.00,4.65,28,37.40,96.40,"High productivity / strong attendance"
6654,"Ava Akosua Maria Adjei","Product Management Department",Consultant,14682.00,1473.00,16155.00,4.65,35,91.40,92.37,"High productivity / strong attendance"
4921,"Ella Aisha Charlotte Anderson","Finance Department",Analyst,13020.00,2857.00,15877.00,4.65,31,91.20,90.25,"High productivity / strong attendance"
26141,"Ava Naomi Chen Campbell","Marketing Department",Executive,14100.00,1750.00,15850.00,4.65,28,49.60,91.69,"High productivity / strong attendance"
27934,"Yaw Omar Hiroshi Nguyen","Engineering Department",Assistant,13759.00,1687.00,15446.00,4.65,31,58.80,94.68,"High productivity / strong attendance"
23113,"Hiroshi Wei Martinez","Operations Department",Developer,12289.00,2993.00,15282.00,4.65,22,46.00,94.57,"High productivity / strong attendance"
19983,"Noah Mateo Omar Kim","Product Management Department",Developer,12407.00,2453.00,14860.00,4.65,27,51.40,95.96,"High productivity / strong attendance"
11008,"Noah Kojo Sebastian Boateng","Customer Support Department",Manager,14512.00,321.00,14833.00,4.65,37,52.40,92.05,"High productivity / strong attendance"
8275,"Hannah Ananya Aisha Rossi","Human Resources Department",Consultant,12921.00,1625.00,14546.00,4.65,29,59.40,94.54,"High productivity / strong attendance"
24406,"Ava Mia Patel","Engineering Department",Consultant,12093.00,2053.00,14146.00,4.65,26,24.00,91.58,"High productivity / strong attendance"
18873,"Ananya Maria Chiamaka Lopez","Engineering Department",Manager,12872.00,1217.00,14089.00,4.65,23,60.40,88.45,Monitor
10281,"Kwame Yusuf Schmidt","Operations Department",Executive,12124.00,1794.00,13918.00,4.65,25,84.60,96.49,"High productivity / strong attendance"
9695,"Sofia Lina Kim","Human Resources Department",Assistant,13384.00,441.00,13825.00,4.65,37,50.40,91.08,"High productivity / strong attendance"
24287,"Kwame Omar Williams","Engineering Department",Assistant,11144.00,2593.00,13737.00,4.65,22,35.20,90.46,"High productivity / strong attendance"
17132,"Nathan Omar Mohammed Johnson","Data and Analytics Department",Consultant,11031.00,2143.00,13174.00,4.65,23,69.60,88.61,Monitor
26814,"Ananya Lina Isabella Rossi","Operations Department",Assistant,10267.00,2689.00,12956.00,4.65,31,40.40,89.84,Monitor
5498,"Maria Akosua Maria Owusu","Product Management Department",Executive,11278.00,1009.00,12287.00,4.65,27,76.80,91.90,"High productivity / strong attendance"
9635,"Carlos Kojo Hassan","Operations Department",Manager,11304.00,902.00,12206.00,4.65,26,42.80,95.41,"High productivity / strong attendance"
19256,"Sofia Mia Adwoa Nguyen","Customer Support Department",Manager,11623.00,397.00,12020.00,4.65,20,30.00,96.41,"High productivity / strong attendance"
28903,"Ananya Akosua Sofia Campbell","Human Resources Department",Assistant,11270.00,500.00,11770.00,4.65,28,60.80,91.40,"High productivity / strong attendance"
16562,"Andres Michael Patel","Finance Department",Assistant,9478.00,2266.00,11744.00,4.65,38,70.80,92.92,"High productivity / strong attendance"
6073,"Hiroshi Mohammed Brown","Engineering Department",Manager,8982.00,2091.00,11073.00,4.65,28,32.60,91.65,"High productivity / strong attendance"
1997,"Aisha Owusu","Operations Department",Manager,7771.00,2829.00,10600.00,4.65,9,76.60,94.18,"High productivity / strong attendance"
26318,"Michael Hiroshi Martinez","Operations Department",Consultant,9702.00,869.00,10571.00,4.65,34,46.40,96.75,"High productivity / strong attendance"
16744,"Emily Victoria Lopez","Engineering Department",Assistant,7732.00,2761.00,10493.00,4.65,19,46.60,94.16,"High productivity / strong attendance"
14820,"Ethan Alexander Carlos Smith","Engineering Department",Manager,8284.00,2092.00,10376.00,4.65,46,86.40,89.63,Monitor
3535,"Samuel Martinez","Operations Department",Developer,9209.00,752.00,9961.00,4.65,22,76.20,89.88,Monitor
14284,"Ama Ananya Brown","Marketing Department",Consultant,7710.00,2219.00,9929.00,4.65,29,62.20,92.71,"High productivity / strong attendance"
21898,"Ananya Victoria Osei","Customer Support Department",Analyst,8425.00,1468.00,9893.00,4.65,24,70.80,95.31,"High productivity / strong attendance"
25259,"Ananya Grace Ava Khan","Product Management Department",Developer,7336.00,1524.00,8860.00,4.65,27,57.20,93.29,"High productivity / strong attendance"
20454,"Noah Alexander Hassan","Marketing Department",Analyst,5327.00,2719.00,8046.00,4.65,26,24.40,93.22,"High productivity / strong attendance"
14814,"Olivia Ananya Naomi Dubois","Product Management Department",Developer,5684.00,2147.00,7831.00,4.65,21,86.20,92.07,"High productivity / strong attendance"
4775,"Alexander Michael Andres Badu","Data and Analytics Department",Executive,6630.00,1172.00,7802.00,4.65,22,67.20,90.95,"High productivity / strong attendance"
25321,"Chen Sakura Abena Williams","Marketing Department",Assistant,5183.00,2371.00,7554.00,4.65,24,21.60,93.70,"High productivity / strong attendance"
25779,"Mia Abena Nguyen","Human Resources Department",Consultant,5067.00,1674.00,6741.00,4.65,27,27.20,91.18,"High productivity / strong attendance"
9130,"Carlos Elijah Carlos Patel","Marketing Department",Executive,5396.00,1105.00,6501.00,4.65,25,52.80,91.66,"High productivity / strong attendance"
17187,"Mateo Carlos Patel","Operations Department",Manager,3932.00,2486.00,6418.00,4.65,28,47.20,94.93,"High productivity / strong attendance"
3433,"Sofia Sakura Garcia","Finance Department",Executive,4501.00,1833.00,6334.00,4.65,34,51.00,92.28,"High productivity / strong attendance"
2237,"Michael Luca Okafor","Customer Support Department",Executive,2536.00,2913.00,5449.00,4.65,36,84.00,92.48,"High productivity / strong attendance"
12173,"Isaac Luca Isaac Smith","Customer Support Department",Analyst,3421.00,814.00,4235.00,4.65,26,40.60,88.76,Monitor
6456,"Fatima Lina Ananya Patel","Customer Support Department",Executive,2571.00,1429.00,4000.00,4.65,19,76.20,94.71,"High productivity / strong attendance"
28548,"Carlos Kofi Badu","Human Resources Department",Assistant,3159.00,407.00,3566.00,4.65,27,33.60,92.28,"High productivity / strong attendance"
19565,"Liam Kofi Isaac Silva","Human Resources Department",Manager,2965.00,393.00,3358.00,4.65,28,65.60,90.53,"High productivity / strong attendance"
15002,"Mateo Luca Hiroshi Rossi","Marketing Department",Manager,14358.00,2408.00,16766.00,4.64,22,66.40,91.47,"High productivity / strong attendance"
8053,"Chen Chen Nguyen","Engineering Department",Consultant,14539.00,1585.00,16124.00,4.64,26,62.40,94.98,"High productivity / strong attendance"
27287,"Yaw Liam Adjei","Finance Department",Executive,14751.00,1205.00,15956.00,4.64,24,48.20,90.65,"High productivity / strong attendance"
680,"Chiamaka Smith","Customer Support Department",Assistant,14270.00,1352.00,15622.00,4.64,22,27.40,97.76,"High productivity / strong attendance"
91,"Akosua Adwoa Charlotte Johnson","Marketing Department",Consultant,13811.00,1697.00,15508.00,4.64,30,32.60,91.35,"High productivity / strong attendance"
21223,"Nathan Mateo Schmidt","Human Resources Department",Consultant,12729.00,2770.00,15499.00,4.64,24,63.20,92.35,"High productivity / strong attendance"
14701,"Kwame David Yusuf Khan","Product Management Department",Consultant,14325.00,787.00,15112.00,4.64,26,56.00,90.78,"High productivity / strong attendance"
16034,"Mohammed Noah Brown","Finance Department",Executive,14021.00,939.00,14960.00,4.64,28,35.00,91.22,"High productivity / strong attendance"
13871,"Ama Grace Mia Kim","Customer Support Department",Analyst,12803.00,2152.00,14955.00,4.64,23,78.60,90.80,"High productivity / strong attendance"
6015,"Liam Kojo Okafor","Operations Department",Assistant,11761.00,2530.00,14291.00,4.64,16,78.00,92.28,"High productivity / strong attendance"
20741,"Charlotte Ava Ananya Garcia","Finance Department",Manager,12389.00,1883.00,14272.00,4.64,22,38.80,96.08,"High productivity / strong attendance"
21368,"Ama Mia Ivanov","Finance Department",Executive,13595.00,648.00,14243.00,4.64,29,48.20,95.60,"High productivity / strong attendance"
619,"Charlotte Emily Akosua Campbell","Product Management Department",Executive,12199.00,2018.00,14217.00,4.64,29,73.00,92.35,"High productivity / strong attendance"
3957,"Kojo Garcia","Data and Analytics Department",Developer,12823.00,1107.00,13930.00,4.64,16,32.00,88.70,Monitor
4161,"Maria Sophia Isabella Williams","Data and Analytics Department",Consultant,11776.00,2021.00,13797.00,4.64,32,68.00,93.66,"High productivity / strong attendance"
21756,"Naomi Grace Emily Kim","Marketing Department",Manager,12344.00,965.00,13309.00,4.64,19,37.20,89.34,Monitor
25236,"Sebastian Hiroshi Isaac Boateng","Operations Department",Analyst,12410.00,874.00,13284.00,4.64,15,33.40,93.37,"High productivity / strong attendance"
17682,"Mohammed Noah Boateng","Customer Support Department",Analyst,11973.00,924.00,12897.00,4.64,22,45.80,90.90,"High productivity / strong attendance"
16550,"Kwame Nathan Smith","Marketing Department",Assistant,11528.00,1328.00,12856.00,4.64,32,61.20,93.38,"High productivity / strong attendance"
27701,"Emily Charlotte Garcia","Finance Department",Manager,11223.00,1577.00,12800.00,4.64,27,57.60,90.50,"High productivity / strong attendance"
4977,"Naomi Hannah Garcia","Product Management Department",Assistant,11928.00,864.00,12792.00,4.64,14,41.00,95.46,"High productivity / strong attendance"
3592,"Kofi Kim","Marketing Department",Developer,10496.00,2099.00,12595.00,4.64,20,58.80,91.81,"High productivity / strong attendance"
29961,"David Isaac Kojo Mensah","Finance Department",Assistant,12201.00,346.00,12547.00,4.64,38,77.40,95.29,"High productivity / strong attendance"
14354,"Isaac Yaw Yusuf Patel","Human Resources Department",Manager,9939.00,2379.00,12318.00,4.64,29,54.40,92.40,"High productivity / strong attendance"
25507,"Hannah Abena Campbell","Product Management Department",Analyst,11312.00,952.00,12264.00,4.64,24,33.80,93.95,"High productivity / strong attendance"
22627,"Naomi Victoria Okafor","Operations Department",Analyst,10454.00,1699.00,12153.00,4.64,24,59.20,90.95,"High productivity / strong attendance"
18503,"Hiroshi Carlos Mensah","Finance Department",Analyst,11524.00,561.00,12085.00,4.64,30,46.20,92.07,"High productivity / strong attendance"
11062,"Emily Akosua Sakura Osei","Human Resources Department",Assistant,9104.00,2584.00,11688.00,4.64,19,76.80,89.60,Monitor
6475,"Hannah Aisha Naomi Garcia","Data and Analytics Department",Developer,8961.00,2536.00,11497.00,4.64,37,81.20,92.03,"High productivity / strong attendance"
11482,"David Carlos Brown","Finance Department",Developer,9198.00,2111.00,11309.00,4.64,18,81.20,96.95,"High productivity / strong attendance"
16979,"Hannah Adwoa Isabella Taylor","Engineering Department",Manager,8644.00,2555.00,11199.00,4.64,29,58.80,92.72,"High productivity / strong attendance"
20748,"Olivia Adwoa Maria Mensah","Engineering Department",Manager,10021.00,1000.00,11021.00,4.64,26,48.60,93.14,"High productivity / strong attendance"
28921,"Aisha Zara Maria Silva","Customer Support Department",Manager,10580.00,344.00,10924.00,4.64,33,46.00,90.72,"High productivity / strong attendance"
6294,"Olivia Sophia Lee","Engineering Department",Manager,9487.00,1096.00,10583.00,4.64,35,73.20,93.72,"High productivity / strong attendance"
3566,"Hannah Smith","Human Resources Department",Executive,8955.00,1434.00,10389.00,4.64,31,32.20,89.57,Monitor
21370,"Abena Hannah Victoria Silva","Product Management Department",Analyst,9782.00,587.00,10369.00,4.64,18,38.60,92.83,"High productivity / strong attendance"
8383,"Charlotte Lina Silva","Human Resources Department",Assistant,8339.00,1980.00,10319.00,4.64,40,33.20,90.53,"High productivity / strong attendance"
23793,"Aisha Victoria Owusu","Marketing Department",Manager,8626.00,1652.00,10278.00,4.64,27,73.80,90.48,"High productivity / strong attendance"
9068,"Sofia Adwoa Anderson","Data and Analytics Department",Manager,8357.00,1865.00,10222.00,4.64,33,21.60,93.07,"High productivity / strong attendance"
6842,"Isabella Hannah Schmidt","Data and Analytics Department",Developer,8315.00,1631.00,9946.00,4.64,31,62.60,94.16,"High productivity / strong attendance"
12832,"Charlotte Emily Ivanov","Data and Analytics Department",Consultant,9447.00,388.00,9835.00,4.64,23,61.40,90.63,"High productivity / strong attendance"
10356,"Arjun Liam Silva","Data and Analytics Department",Manager,8335.00,848.00,9183.00,4.64,19,62.00,92.54,"High productivity / strong attendance"
6793,"Nathan Kojo Yusuf Khan","Engineering Department",Manager,6326.00,2661.00,8987.00,4.64,34,46.80,93.65,"High productivity / strong attendance"
7556,"David Isaac Omar Williams","Finance Department",Manager,6412.00,1931.00,8343.00,4.64,17,64.80,92.19,"High productivity / strong attendance"
17127,"Kofi Carlos Ethan Badu","Finance Department",Consultant,6648.00,1414.00,8062.00,4.64,29,39.40,94.83,"High productivity / strong attendance"
27032,"Grace Emily Abena Martinez","Operations Department",Executive,7193.00,726.00,7919.00,4.64,41,83.80,93.07,"High productivity / strong attendance"
8998,"Chen Ama Badu","Engineering Department",Consultant,5653.00,2176.00,7829.00,4.64,28,24.80,92.41,"High productivity / strong attendance"
21439,"Elijah Arjun Mateo Owusu","Finance Department",Consultant,5148.00,2388.00,7536.00,4.64,36,62.40,90.65,"High productivity / strong attendance"
20125,"Ella Emily Victoria Kim","Customer Support Department",Assistant,6477.00,875.00,7352.00,4.64,23,73.20,90.79,"High productivity / strong attendance"
2373,"Samuel Kojo Lee","Product Management Department",Executive,4677.00,2495.00,7172.00,4.64,33,55.80,90.27,"High productivity / strong attendance"
20662,"Isaac Samuel Daniel Silva","Finance Department",Analyst,4768.00,2097.00,6865.00,4.64,33,25.60,94.79,"High productivity / strong attendance"
18125,"Mohammed Mateo Alexander Williams","Finance Department",Analyst,4022.00,2667.00,6689.00,4.64,16,89.40,93.51,"High productivity / strong attendance"
4160,"Mohammed Kofi Isaac Smith","Engineering Department",Executive,6030.00,493.00,6523.00,4.64,41,62.80,91.96,"High productivity / strong attendance"
21923,"Victoria Hannah Emily Williams","Data and Analytics Department",Consultant,5511.00,619.00,6130.00,4.64,19,24.40,90.85,"High productivity / strong attendance"
22831,"Chiamaka Adwoa Mensah","Human Resources Department",Executive,3483.00,2278.00,5761.00,4.64,44,50.60,93.60,"High productivity / strong attendance"
23659,"Wei Yaw Mohammed Anderson","Finance Department",Manager,3818.00,1914.00,5732.00,4.64,29,64.40,93.38,"High productivity / strong attendance"
3978,"Noah Ethan Silva","Product Management Department",Assistant,4347.00,1334.00,5681.00,4.64,33,71.60,93.74,"High productivity / strong attendance"
5752,"Alexander Hiroshi Jean Owusu","Human Resources Department",Analyst,3516.00,1803.00,5319.00,4.64,21,54.80,95.10,"High productivity / strong attendance"
15707,"Andres Arjun Nathan Lopez","Operations Department",Executive,2704.00,2289.00,4993.00,4.64,31,84.80,92.96,"High productivity / strong attendance"
21854,"Wei Yaw Rossi","Marketing Department",Manager,3859.00,488.00,4347.00,4.64,33,78.00,96.12,"High productivity / strong attendance"
20961,"Sophia Charlotte Aisha Adjei","Data and Analytics Department",Manager,2556.00,1311.00,3867.00,4.64,29,68.40,95.27,"High productivity / strong attendance"
24867,"Daniel Isaac Samuel Okafor","Customer Support Department",Analyst,2614.00,1244.00,3858.00,4.64,35,38.60,94.88,"High productivity / strong attendance"
25807,"Chiamaka Charlotte Sophia Schmidt","Customer Support Department",Executive,14794.00,2538.00,17332.00,4.63,32,34.40,95.12,"High productivity / strong attendance"
4619,"Olivia Charlotte Taylor","Product Management Department",Consultant,14425.00,2872.00,17297.00,4.63,33,68.20,95.86,"High productivity / strong attendance"
460,"Mohammed Nathan Wei Rossi","Engineering Department",Developer,14914.00,2154.00,17068.00,4.63,23,52.20,95.71,"High productivity / strong attendance"
27951,"Ama Ama Hassan","Customer Support Department",Manager,14733.00,1531.00,16264.00,4.63,20,38.80,95.29,"High productivity / strong attendance"
22384,"Victoria Sofia Garcia","Operations Department",Developer,13239.00,2969.00,16208.00,4.63,28,32.20,92.86,"High productivity / strong attendance"
4383,"Arjun Osei","Marketing Department",Manager,14689.00,1487.00,16176.00,4.63,27,54.60,89.32,Monitor
10255,"Nathan Mohammed Michael Silva","Data and Analytics Department",Executive,13714.00,2006.00,15720.00,4.63,34,36.40,90.82,"High productivity / strong attendance"
10053,"Grace Ananya Hassan","Finance Department",Manager,12887.00,2170.00,15057.00,4.63,25,36.40,91.99,"High productivity / strong attendance"
18328,"Elijah Elijah Ethan Osei","Human Resources Department",Manager,14142.00,743.00,14885.00,4.63,27,27.20,94.23,"High productivity / strong attendance"
28011,"Lina Chiamaka Johnson","Finance Department",Assistant,13532.00,1173.00,14705.00,4.63,25,80.20,93.17,"High productivity / strong attendance"
4241,"Sofia Taylor","Customer Support Department",Consultant,11898.00,2520.00,14418.00,4.63,26,54.60,93.69,"High productivity / strong attendance"
6450,"Olivia Sakura Hassan","Operations Department",Manager,13231.00,902.00,14133.00,4.63,29,37.80,96.28,"High productivity / strong attendance"
6298,"Kwame Daniel Noah Brown","Customer Support Department",Executive,11739.00,2264.00,14003.00,4.63,27,29.80,88.22,Monitor
5526,"Olivia Olivia Kim","Human Resources Department",Executive,11299.00,1919.00,13218.00,4.63,25,29.80,95.06,"High productivity / strong attendance"
25985,"Aisha Mia Taylor","Customer Support Department",Executive,12125.00,865.00,12990.00,4.63,23,68.00,98.27,"High productivity / strong attendance"
21365,"Naomi Ama Aisha Lopez","Marketing Department",Analyst,10977.00,1594.00,12571.00,4.63,34,58.60,92.52,"High productivity / strong attendance"
7025,"Zara Hannah Akosua Lopez","Human Resources Department",Executive,11283.00,1247.00,12530.00,4.63,25,27.40,94.11,"High productivity / strong attendance"
26441,"Alexander Kojo Alexander Ivanov","Customer Support Department",Manager,10138.00,2348.00,12486.00,4.63,30,62.20,93.27,"High productivity / strong attendance"
7225,"Chiamaka Zara Adjei","Customer Support Department",Manager,11465.00,800.00,12265.00,4.63,33,41.40,90.58,"High productivity / strong attendance"
8579,"Chiamaka Hannah Mia Anderson","Human Resources Department",Analyst,9533.00,2579.00,12112.00,4.63,20,47.60,94.60,"High productivity / strong attendance"
11723,"Ananya Akosua Emily Owusu","Human Resources Department",Executive,10489.00,1619.00,12108.00,4.63,16,76.40,92.70,"High productivity / strong attendance"
19394,"Ama Isabella Sophia Anderson","Operations Department",Analyst,8884.00,2570.00,11454.00,4.63,23,78.00,93.18,"High productivity / strong attendance"
1269,"Kofi Luca Schmidt","Marketing Department",Executive,8577.00,2791.00,11368.00,4.63,24,35.80,94.11,"High productivity / strong attendance"
24120,"Chiamaka Charlotte Garcia","Marketing Department",Developer,8837.00,2128.00,10965.00,4.63,26,64.80,95.37,"High productivity / strong attendance"
20966,"Ava Chiamaka Ava Badu","Finance Department",Analyst,8016.00,2895.00,10911.00,4.63,37,76.60,90.26,"High productivity / strong attendance"
24704,"Sebastian Jean Ethan Owusu","Marketing Department",Assistant,10041.00,805.00,10846.00,4.63,34,55.20,92.94,"High productivity / strong attendance"
27346,"Ethan Sebastian Boateng","Marketing Department",Assistant,8155.00,1688.00,9843.00,4.63,31,55.00,97.51,"High productivity / strong attendance"
17704,"Isabella Charlotte Martinez","Human Resources Department",Consultant,6761.00,2938.00,9699.00,4.63,26,55.20,94.35,"High productivity / strong attendance"
14212,"David Michael Lopez","Human Resources Department",Developer,8290.00,1224.00,9514.00,4.63,26,65.60,93.30,"High productivity / strong attendance"
29010,"Daniel Yaw Lee","Human Resources Department",Consultant,8900.00,542.00,9442.00,4.63,25,32.40,92.42,"High productivity / strong attendance"
20848,"Ella Olivia Aisha Taylor","Customer Support Department",Analyst,8440.00,998.00,9438.00,4.63,29,49.40,92.33,"High productivity / strong attendance"
12142,"Grace Isabella Martinez","Product Management Department",Manager,6424.00,2930.00,9354.00,4.63,23,73.00,95.66,"High productivity / strong attendance"
19283,"Daniel Noah Mensah","Human Resources Department",Consultant,7111.00,2043.00,9154.00,4.63,39,57.80,93.39,"High productivity / strong attendance"
17659,"Kojo Sebastian Patel","Data and Analytics Department",Assistant,8210.00,763.00,8973.00,4.63,27,66.40,94.63,"High productivity / strong attendance"
13081,"Sofia Sofia Victoria Dubois","Marketing Department",Assistant,6388.00,2520.00,8908.00,4.63,26,35.60,92.22,"High productivity / strong attendance"
19122,"Isaac Jean Dubois","Marketing Department",Assistant,6189.00,2375.00,8564.00,4.63,32,53.80,91.66,"High productivity / strong attendance"
14724,"Mateo Hiroshi Silva","Finance Department",Developer,5357.00,2799.00,8156.00,4.63,38,63.40,92.26,"High productivity / strong attendance"
1340,"Adwoa Hannah Martinez","Operations Department",Assistant,6483.00,1599.00,8082.00,4.63,31,48.60,96.11,"High productivity / strong attendance"
1588,"Carlos Arjun Wei Williams","Data and Analytics Department",Manager,5995.00,1878.00,7873.00,4.63,27,29.40,93.20,"High productivity / strong attendance"
24894,"Yaw Mohammed Kwame Dubois","Product Management Department",Manager,5481.00,2284.00,7765.00,4.63,35,53.80,90.63,"High productivity / strong attendance"
21211,"Sofia Grace Nguyen","Human Resources Department",Developer,4846.00,2839.00,7685.00,4.63,38,43.80,95.33,"High productivity / strong attendance"
17858,"Ella Olivia Ella Brown","Human Resources Department",Executive,7084.00,400.00,7484.00,4.63,31,32.20,93.69,"High productivity / strong attendance"
27252,"Victoria Ava Olivia Badu","Finance Department",Executive,6937.00,448.00,7385.00,4.63,23,49.80,91.51,"High productivity / strong attendance"
12398,"Victoria Ella Fatima Smith","Engineering Department",Executive,4668.00,2058.00,6726.00,4.63,39,59.00,94.60,"High productivity / strong attendance"
3740,"Chen Williams","Product Management Department",Developer,4416.00,2196.00,6612.00,4.63,33,79.20,94.51,"High productivity / strong attendance"
12202,"Mia Sakura Brown","Marketing Department",Analyst,3481.00,2966.00,6447.00,4.63,31,57.60,93.24,"High productivity / strong attendance"
4587,"Victoria Victoria Ava Lopez","Customer Support Department",Consultant,5472.00,874.00,6346.00,4.63,20,85.20,91.47,"High productivity / strong attendance"
14154,"Carlos Elijah Williams","Marketing Department",Analyst,5071.00,1177.00,6248.00,4.63,34,31.40,92.67,"High productivity / strong attendance"
4483,"Fatima Mia Smith","Customer Support Department",Consultant,5835.00,392.00,6227.00,4.63,33,41.20,92.20,"High productivity / strong attendance"
29098,"Jean Arjun Kwame Owusu","Engineering Department",Executive,5059.00,1096.00,6155.00,4.63,25,71.60,94.82,"High productivity / strong attendance"
7180,"Jean Kofi Dubois","Engineering Department",Analyst,4131.00,1752.00,5883.00,4.63,39,76.20,92.85,"High productivity / strong attendance"
20464,"Zara Chiamaka Emily Boateng","Human Resources Department",Manager,3786.00,2021.00,5807.00,4.63,29,33.60,93.36,"High productivity / strong attendance"
10800,"Zara Victoria Johnson","Data and Analytics Department",Developer,3334.00,2057.00,5391.00,4.63,22,67.40,94.61,"High productivity / strong attendance"
21658,"Charlotte Isabella Dubois","Operations Department",Consultant,4309.00,1072.00,5381.00,4.63,31,52.20,94.27,"High productivity / strong attendance"
12110,"Grace Maria Garcia","Customer Support Department",Manager,2846.00,2523.00,5369.00,4.63,28,28.60,94.22,"High productivity / strong attendance"
17742,"Mia Fatima Mia Lee","Finance Department",Consultant,4390.00,444.00,4834.00,4.63,12,77.80,90.72,"High productivity / strong attendance"
12206,"Maria Fatima Osei","Data and Analytics Department",Consultant,3947.00,799.00,4746.00,4.63,42,53.00,89.83,Monitor
9004,"Naomi Lina Mia Osei","Marketing Department",Consultant,3051.00,685.00,3736.00,4.63,36,66.60,94.05,"High productivity / strong attendance"
19748,"Mateo Elijah Patel","Finance Department",Consultant,3102.00,501.00,3603.00,4.63,23,49.00,89.67,Monitor
17157,"Jean David Hiroshi Nguyen","Product Management Department",Assistant,2634.00,933.00,3567.00,4.63,20,28.40,93.01,"High productivity / strong attendance"
17643,"Chen Isabella Boateng","Product Management Department",Analyst,13751.00,2941.00,16692.00,4.62,16,21.20,90.17,"High productivity / strong attendance"
3759,"Charlotte Zara Charlotte Owusu","Product Management Department",Analyst,14312.00,1522.00,15834.00,4.62,33,37.80,92.30,"High productivity / strong attendance"
16379,"Mia Akosua Kim","Operations Department",Analyst,14949.00,856.00,15805.00,4.62,26,66.80,92.74,"High productivity / strong attendance"
6545,"Mohammed Liam Noah Patel","Finance Department",Manager,12904.00,2670.00,15574.00,4.62,15,88.60,90.84,"High productivity / strong attendance"
11719,"Emily Isabella Victoria Taylor","Operations Department",Developer,12542.00,2781.00,15323.00,4.62,23,59.40,89.27,Monitor
22923,"Ama Ananya Badu","Marketing Department",Assistant,12988.00,2225.00,15213.00,4.62,25,86.40,90.61,"High productivity / strong attendance"
7275,"Charlotte Ama Hannah Taylor","Engineering Department",Manager,12525.00,2201.00,14726.00,4.62,27,67.60,91.70,"High productivity / strong attendance"
12102,"Wei Jean Nguyen","Marketing Department",Assistant,12486.00,2184.00,14670.00,4.62,31,80.40,90.63,"High productivity / strong attendance"
16716,"Maria Emily Ananya Rossi","Engineering Department",Developer,12465.00,2155.00,14620.00,4.62,23,82.60,91.14,"High productivity / strong attendance"
4681,"Sophia Lina Isabella Johnson","Data and Analytics Department",Executive,12355.00,2254.00,14609.00,4.62,34,38.80,92.64,"High productivity / strong attendance"
7350,"Sakura Hannah Sofia Osei","Marketing Department",Analyst,10866.00,2793.00,13659.00,4.62,23,64.40,94.89,"High productivity / strong attendance"
4593,"Yusuf Hiroshi Yusuf Kim","Marketing Department",Consultant,13254.00,342.00,13596.00,4.62,26,86.00,90.99,"High productivity / strong attendance"
26264,"Omar Wei Samuel Smith","Marketing Department",Assistant,11517.00,1837.00,13354.00,4.62,22,48.80,90.17,"High productivity / strong attendance"
14067,"Victoria Emily Kim","Engineering Department",Executive,10329.00,2957.00,13286.00,4.62,28,27.00,93.82,"High productivity / strong attendance"
29791,"Elijah Liam Nathan Kim","Customer Support Department",Manager,10991.00,2245.00,13236.00,4.62,39,65.00,94.59,"High productivity / strong attendance"
8781,"Luca Andres Elijah Owusu","Operations Department",Executive,11943.00,1263.00,13206.00,4.62,30,53.20,88.05,Monitor
11944,"Zara Ama Fatima Ivanov","Operations Department",Consultant,10585.00,2307.00,12892.00,4.62,31,57.00,92.95,"High productivity / strong attendance"
12850,"Victoria Lina Khan","Human Resources Department",Developer,11022.00,1759.00,12781.00,4.62,36,56.40,91.63,"High productivity / strong attendance"
14203,"Sofia Ava Johnson","Marketing Department",Assistant,11540.00,1043.00,12583.00,4.62,26,31.20,94.00,"High productivity / strong attendance"
10788,"David Michael Owusu","Operations Department",Consultant,10645.00,1512.00,12157.00,4.62,21,59.20,92.78,"High productivity / strong attendance"
5246,"Sebastian Arjun Sebastian Kim","Customer Support Department",Manager,10965.00,1097.00,12062.00,4.62,23,27.60,93.24,"High productivity / strong attendance"
4394,"Naomi Naomi Sakura Adjei","Data and Analytics Department",Consultant,9787.00,1536.00,11323.00,4.62,18,55.00,90.26,"High productivity / strong attendance"
10645,"Elijah Mateo Luca Brown","Marketing Department",Manager,9651.00,1517.00,11168.00,4.62,21,44.20,93.16,"High productivity / strong attendance"
24224,"Michael Kwame Silva","Finance Department",Analyst,9520.00,1617.00,11137.00,4.62,17,83.60,92.14,"High productivity / strong attendance"
630,"Omar Kwame Yaw Hassan","Data and Analytics Department",Manager,8325.00,2537.00,10862.00,4.62,31,45.00,94.96,"High productivity / strong attendance"
22151,"Aisha Aisha Brown","Human Resources Department",Consultant,8161.00,2497.00,10658.00,4.62,34,50.20,91.16,"High productivity / strong attendance"
19582,"Fatima Maria Chiamaka Adjei","Data and Analytics Department",Manager,8753.00,1525.00,10278.00,4.62,25,55.40,88.98,Monitor
4174,"Mateo Ethan Arjun Adjei","Data and Analytics Department",Assistant,9095.00,1176.00,10271.00,4.62,29,54.20,92.93,"High productivity / strong attendance"
14937,"Maria Victoria Khan","Human Resources Department",Assistant,9502.00,752.00,10254.00,4.62,31,62.00,91.07,"High productivity / strong attendance"
20609,"Adwoa Ananya Naomi Osei","Data and Analytics Department",Assistant,7324.00,2854.00,10178.00,4.62,20,69.80,94.50,"High productivity / strong attendance"
9757,"Sofia Emily Taylor","Engineering Department",Assistant,7879.00,2169.00,10048.00,4.62,34,41.20,92.10,"High productivity / strong attendance"
18577,"Kojo Ethan Boateng","Human Resources Department",Developer,7038.00,2724.00,9762.00,4.62,32,71.40,91.80,"High productivity / strong attendance"
13828,"Chiamaka Ama Silva","Data and Analytics Department",Consultant,6480.00,2973.00,9453.00,4.62,27,25.60,92.67,"High productivity / strong attendance"
18901,"Hannah Adwoa Smith","Finance Department",Assistant,6361.00,2955.00,9316.00,4.62,31,63.40,91.45,"High productivity / strong attendance"
25232,"Charlotte Grace Emily Taylor","Data and Analytics Department",Analyst,7361.00,1606.00,8967.00,4.62,30,50.60,93.60,"High productivity / strong attendance"
13462,"Abena Emily Grace Hassan","Data and Analytics Department",Executive,7660.00,1281.00,8941.00,4.62,20,38.80,91.74,"High productivity / strong attendance"
19722,"Samuel Omar Wei Osei","Finance Department",Consultant,6190.00,2338.00,8528.00,4.62,28,30.60,92.85,"High productivity / strong attendance"
23600,"Daniel David Johnson","Engineering Department",Assistant,5674.00,2823.00,8497.00,4.62,25,35.00,91.61,"High productivity / strong attendance"
10695,"Andres Yusuf Carlos Boateng","Data and Analytics Department",Executive,5339.00,2563.00,7902.00,4.62,33,73.20,92.94,"High productivity / strong attendance"
1209,"Charlotte Grace Lee","Finance Department",Executive,7316.00,566.00,7882.00,4.62,27,47.00,95.70,"High productivity / strong attendance"
17630,"Ava Ella Hassan","Data and Analytics Department",Executive,4815.00,2469.00,7284.00,4.62,22,76.20,91.49,"High productivity / strong attendance"
21959,"Fatima Akosua Victoria Johnson","Engineering Department",Consultant,6460.00,709.00,7169.00,4.62,30,56.40,92.04,"High productivity / strong attendance"
5731,"Arjun Ethan Samuel Williams","Data and Analytics Department",Executive,4435.00,2556.00,6991.00,4.62,27,86.20,92.33,"High productivity / strong attendance"
27889,"Kofi Daniel Schmidt","Operations Department",Executive,5258.00,1676.00,6934.00,4.62,23,81.20,93.94,"High productivity / strong attendance"
17832,"Carlos Nathan Osei","Marketing Department",Manager,6274.00,623.00,6897.00,4.62,28,73.80,93.94,"High productivity / strong attendance"
2032,"Fatima Zara Ella Brown","Product Management Department",Assistant,4327.00,2552.00,6879.00,4.62,25,47.60,92.69,"High productivity / strong attendance"
16105,"Isabella Akosua Grace Johnson","Marketing Department",Consultant,5495.00,976.00,6471.00,4.62,22,64.20,93.65,"High productivity / strong attendance"
29311,"Wei Ethan Yaw Dubois","Finance Department",Executive,5397.00,1064.00,6461.00,4.62,33,32.80,93.91,"High productivity / strong attendance"
13695,"Omar Arjun Kim","Product Management Department",Analyst,4186.00,1936.00,6122.00,4.62,27,40.20,91.77,"High productivity / strong attendance"
26279,"Victoria Lina Sofia Okafor","Engineering Department",Analyst,4248.00,1746.00,5994.00,4.62,28,58.20,90.27,"High productivity / strong attendance"
22912,"Alexander Isaac Samuel Taylor","Marketing Department",Assistant,3945.00,1369.00,5314.00,4.62,25,74.20,97.07,"High productivity / strong attendance"
28294,"Aisha Isabella Schmidt","Marketing Department",Assistant,2570.00,2599.00,5169.00,4.62,26,74.80,89.82,Monitor
27281,"Akosua Akosua Anderson","Product Management Department",Manager,3954.00,1169.00,5123.00,4.62,22,35.40,91.87,"High productivity / strong attendance"
27400,"Chen Chen Charlotte Brown","Finance Department",Developer,2560.00,2356.00,4916.00,4.62,26,34.40,95.83,"High productivity / strong attendance"
3280,"Hannah Sophia Kim","Finance Department",Executive,3609.00,1203.00,4812.00,4.62,32,76.20,95.95,"High productivity / strong attendance"
978,"Isabella Aisha Badu","Finance Department",Executive,3883.00,888.00,4771.00,4.62,14,45.60,90.07,"High productivity / strong attendance"
26140,"Fatima Zara Williams","Finance Department",Assistant,2935.00,1690.00,4625.00,4.62,24,50.80,95.45,"High productivity / strong attendance"
11291,"Andres Kojo Okafor","Data and Analytics Department",Executive,3750.00,658.00,4408.00,4.62,27,59.60,91.53,"High productivity / strong attendance"
6908,"Kojo Jean Williams","Operations Department",Analyst,3815.00,426.00,4241.00,4.62,22,53.80,93.33,"High productivity / strong attendance"
1283,"Aisha Naomi Sofia Martinez","Finance Department",Developer,2998.00,628.00,3626.00,4.62,25,76.00,92.10,"High productivity / strong attendance"
22247,"Isabella Fatima Zara Williams","Data and Analytics Department",Developer,2577.00,509.00,3086.00,4.62,32,64.80,91.52,"High productivity / strong attendance"
512,"David Ethan Nathan Campbell","Customer Support Department",Executive,2733.00,320.00,3053.00,4.62,24,34.80,91.30,"High productivity / strong attendance"
22856,"Kwame Luca Badu","Data and Analytics Department",Assistant,14686.00,2838.00,17524.00,4.61,29,48.60,94.92,"High productivity / strong attendance"
28535,"Kwame Yaw Mateo Owusu","Marketing Department",Analyst,14063.00,2504.00,16567.00,4.61,25,22.00,94.73,"High productivity / strong attendance"
20789,"Naomi Aisha Johnson","Data and Analytics Department",Analyst,12918.00,2850.00,15768.00,4.61,32,54.40,91.82,"High productivity / strong attendance"
27805,"Mohammed Ethan Nathan Ivanov","Product Management Department",Consultant,13753.00,1996.00,15749.00,4.61,39,28.80,95.28,"High productivity / strong attendance"
14898,"Omar Luca Wei Hassan","Operations Department",Manager,14087.00,1380.00,15467.00,4.61,22,81.00,93.48,"High productivity / strong attendance"
26641,"Charlotte Mia Emily Smith","Human Resources Department",Executive,14048.00,1353.00,15401.00,4.61,25,63.00,92.06,"High productivity / strong attendance"
24437,"Sebastian Kwame Lopez","Product Management Department",Consultant,13196.00,1465.00,14661.00,4.61,19,81.40,96.20,"High productivity / strong attendance"
2885,"Olivia Grace Boateng","Product Management Department",Consultant,11961.00,2560.00,14521.00,4.61,18,39.00,91.70,"High productivity / strong attendance"
6935,"Akosua Grace Akosua Boateng","Data and Analytics Department",Analyst,12103.00,2387.00,14490.00,4.61,28,55.40,91.86,"High productivity / strong attendance"
15284,"Kwame Kwame Hassan","Engineering Department",Analyst,12409.00,2068.00,14477.00,4.61,24,69.80,94.78,"High productivity / strong attendance"
9369,"Grace Sakura Grace Boateng","Operations Department",Manager,12932.00,1465.00,14397.00,4.61,28,68.40,93.34,"High productivity / strong attendance"
18852,"David Michael Ivanov","Customer Support Department",Developer,12983.00,1222.00,14205.00,4.61,31,28.60,95.18,"High productivity / strong attendance"
25156,"Aisha Olivia Sofia Adjei","Engineering Department",Analyst,11855.00,2090.00,13945.00,4.61,20,28.60,93.59,"High productivity / strong attendance"
6181,"Sofia Sofia Olivia Owusu","Engineering Department",Executive,12609.00,1034.00,13643.00,4.61,20,80.80,93.79,"High productivity / strong attendance"
16349,"Sebastian Ethan Andres Dubois","Product Management Department",Executive,10068.00,2943.00,13011.00,4.61,31,71.60,93.64,"High productivity / strong attendance"
21035,"Kofi Mateo Rossi","Customer Support Department",Executive,11388.00,1619.00,13007.00,4.61,22,59.00,92.80,"High productivity / strong attendance"
26667,"Yaw Noah Arjun Dubois","Data and Analytics Department",Assistant,12537.00,448.00,12985.00,4.61,33,77.40,92.03,"High productivity / strong attendance"
24679,"Andres Michael Sebastian Martinez","Marketing Department",Manager,11290.00,1593.00,12883.00,4.61,35,78.20,89.67,Monitor
25679,"Omar Elijah Boateng","Engineering Department",Consultant,11675.00,1184.00,12859.00,4.61,20,52.20,92.40,"High productivity / strong attendance"
4794,"Nathan Isaac Hiroshi Mensah","Operations Department",Assistant,9572.00,2906.00,12478.00,4.61,33,20.60,92.07,"High productivity / strong attendance"
13115,"Liam Kojo Alexander Okafor","Marketing Department",Manager,9885.00,2418.00,12303.00,4.61,37,52.00,96.08,"High productivity / strong attendance"
29260,"Alexander Alexander Hiroshi Mensah","Operations Department",Analyst,10685.00,1524.00,12209.00,4.61,23,76.80,93.08,"High productivity / strong attendance"
14770,"Kofi Kofi Kofi Kim","Human Resources Department",Manager,9385.00,2819.00,12204.00,4.61,26,46.80,89.58,Monitor
17653,"Daniel Isaac Wei Smith","Data and Analytics Department",Developer,9195.00,2694.00,11889.00,4.61,24,64.00,92.48,"High productivity / strong attendance"
6870,"Ava Ananya Williams","Finance Department",Executive,8948.00,2869.00,11817.00,4.61,30,71.00,88.95,Monitor
15911,"Victoria Zara Mia Anderson","Engineering Department",Assistant,8481.00,2988.00,11469.00,4.61,36,79.20,94.04,"High productivity / strong attendance"
28876,"Grace Abena Rossi","Human Resources Department",Manager,9539.00,1906.00,11445.00,4.61,36,40.00,94.36,"High productivity / strong attendance"
8489,"Carlos Hiroshi Omar Dubois","Engineering Department",Assistant,10363.00,880.00,11243.00,4.61,27,80.60,91.09,"High productivity / strong attendance"
15176,"Lina Akosua Naomi Brown","Finance Department",Assistant,8609.00,2484.00,11093.00,4.61,37,36.80,91.83,"High productivity / strong attendance"
13064,"Michael Yaw Nathan Garcia","Data and Analytics Department",Assistant,8309.00,2764.00,11073.00,4.61,11,48.20,90.37,"High productivity / strong attendance"
28269,"Daniel Arjun Smith","Data and Analytics Department",Consultant,9947.00,1039.00,10986.00,4.61,22,43.20,92.98,"High productivity / strong attendance"
16995,"Ama Akosua Lina Campbell","Engineering Department",Executive,8938.00,1918.00,10856.00,4.61,35,87.60,95.00,"High productivity / strong attendance"
14188,"Maria Chiamaka Lee","Human Resources Department",Manager,10130.00,669.00,10799.00,4.61,26,35.60,89.57,Monitor
22919,"Hiroshi Ethan Andres Owusu","Operations Department",Consultant,8435.00,2174.00,10609.00,4.61,34,55.60,91.80,"High productivity / strong attendance"
4599,"Michael Liam Adjei","Product Management Department",Developer,9428.00,1152.00,10580.00,4.61,19,22.00,93.16,"High productivity / strong attendance"
29680,"Abena Isabella Hassan","Data and Analytics Department",Manager,7826.00,2519.00,10345.00,4.61,32,67.00,93.33,"High productivity / strong attendance"
25001,"Alexander Ethan Mohammed Patel","Human Resources Department",Assistant,8837.00,1481.00,10318.00,4.61,23,28.20,93.98,"High productivity / strong attendance"
3350,"Mateo Yusuf Mensah","Engineering Department",Consultant,9273.00,899.00,10172.00,4.61,27,48.80,92.58,"High productivity / strong attendance"
4053,"Charlotte Charlotte Kim","Product Management Department",Manager,9175.00,950.00,10125.00,4.61,31,84.60,93.92,"High productivity / strong attendance"
24505,"Sebastian Isaac Kim","Data and Analytics Department",Executive,8128.00,1155.00,9283.00,4.61,14,65.60,94.72,"High productivity / strong attendance"
16714,"Chiamaka Sofia Dubois","Finance Department",Assistant,8405.00,828.00,9233.00,4.61,16,52.40,93.46,"High productivity / strong attendance"
15607,"Akosua Akosua Zara Dubois","Operations Department",Manager,6473.00,2716.00,9189.00,4.61,30,32.60,91.96,"High productivity / strong attendance"
15430,"Victoria Ava Ava Campbell","Engineering Department",Manager,6177.00,2939.00,9116.00,4.61,24,45.60,94.07,"High productivity / strong attendance"
4101,"Mohammed Elijah Wei Okafor","Operations Department",Manager,8213.00,707.00,8920.00,4.61,43,62.60,93.87,"High productivity / strong attendance"
24577,"Naomi Sakura Victoria Hassan","Engineering Department",Assistant,8005.00,798.00,8803.00,4.61,26,70.80,90.83,"High productivity / strong attendance"
11084,"Victoria Lina Rossi","Customer Support Department",Developer,5813.00,2809.00,8622.00,4.61,22,35.60,92.71,"High productivity / strong attendance"
5521,"Andres David Boateng","Product Management Department",Assistant,5400.00,2915.00,8315.00,4.61,32,75.00,91.60,"High productivity / strong attendance"
9487,"Zara Olivia Hannah Badu","Product Management Department",Analyst,6105.00,2163.00,8268.00,4.61,26,36.00,92.28,"High productivity / strong attendance"
27326,"Grace Ananya Olivia Patel","Marketing Department",Developer,7653.00,402.00,8055.00,4.61,21,41.40,92.97,"High productivity / strong attendance"
8501,"Chen Olivia Ella Okafor","Human Resources Department",Assistant,7397.00,414.00,7811.00,4.61,31,26.80,92.82,"High productivity / strong attendance"
17250,"Mohammed Hiroshi Sebastian Hassan","Finance Department",Consultant,4796.00,2977.00,7773.00,4.61,17,60.60,92.54,"High productivity / strong attendance"
1956,"Sofia Fatima Ava Adjei","Operations Department",Assistant,5113.00,2597.00,7710.00,4.61,23,70.00,92.43,"High productivity / strong attendance"
9999,"Abena Ella Olivia Campbell","Customer Support Department",Analyst,6772.00,935.00,7707.00,4.61,31,29.20,91.26,"High productivity / strong attendance"
27892,"Olivia Aisha Silva","Finance Department",Manager,4680.00,2817.00,7497.00,4.61,28,87.40,92.60,"High productivity / strong attendance"
20430,"Mia Ama Hannah Brown","Human Resources Department",Developer,4802.00,2630.00,7432.00,4.61,37,49.20,93.85,"High productivity / strong attendance"
29035,"Ava Fatima Osei","Data and Analytics Department",Assistant,5805.00,1572.00,7377.00,4.61,35,45.00,93.43,"High productivity / strong attendance"
14399,"Yusuf Michael Ethan Patel","Data and Analytics Department",Analyst,5300.00,2016.00,7316.00,4.61,21,56.00,93.11,"High productivity / strong attendance"
22753,"Yusuf Isaac Carlos Patel","Operations Department",Manager,5338.00,1958.00,7296.00,4.61,16,74.20,91.14,"High productivity / strong attendance"
7213,"Akosua Fatima Johnson","Operations Department",Analyst,5194.00,1738.00,6932.00,4.61,40,73.00,91.88,"High productivity / strong attendance"
19070,"Hannah Abena Boateng","Human Resources Department",Executive,4796.00,1910.00,6706.00,4.61,12,60.20,88.61,Monitor
18241,"Olivia Abena Ava Owusu","Data and Analytics Department",Consultant,5982.00,695.00,6677.00,4.61,27,80.80,89.76,Monitor
10944,"Lina Victoria Ivanov","Engineering Department",Manager,3948.00,2677.00,6625.00,4.61,22,26.80,94.53,"High productivity / strong attendance"
12159,"Fatima Hannah Fatima Lee","Data and Analytics Department",Manager,3470.00,2948.00,6418.00,4.61,32,78.60,92.96,"High productivity / strong attendance"
10276,"Zara Abena Olivia Silva","Operations Department",Analyst,5420.00,324.00,5744.00,4.61,18,28.20,90.91,"High productivity / strong attendance"
15140,"Alexander Kofi Kwame Ivanov","Finance Department",Developer,3272.00,2340.00,5612.00,4.61,39,52.00,94.48,"High productivity / strong attendance"
21739,"Akosua Hannah Charlotte Campbell","Human Resources Department",Analyst,4146.00,1318.00,5464.00,4.61,28,77.00,91.16,"High productivity / strong attendance"
10681,"Michael Ethan Wei Garcia","Operations Department",Consultant,3603.00,1058.00,4661.00,4.61,27,53.80,93.12,"High productivity / strong attendance"
28642,"Yusuf Ethan Luca Badu","Finance Department",Analyst,4179.00,421.00,4600.00,4.61,37,28.20,93.70,"High productivity / strong attendance"
2358,"Ava Victoria Charlotte Rossi","Operations Department",Assistant,3898.00,691.00,4589.00,4.61,37,68.40,93.04,"High productivity / strong attendance"
14700,"Ananya Ananya Ivanov","Operations Department",Developer,3170.00,1215.00,4385.00,4.61,29,54.60,91.85,"High productivity / strong attendance"
16959,"Victoria Aisha Naomi Williams","Marketing Department",Consultant,2823.00,1275.00,4098.00,4.61,23,62.00,91.37,"High productivity / strong attendance"
5691,"Sebastian Noah Yusuf Owusu","Product Management Department",Developer,2780.00,1017.00,3797.00,4.61,27,65.40,92.25,"High productivity / strong attendance"
25486,"Naomi Abena Smith","Engineering Department",Manager,3093.00,615.00,3708.00,4.61,26,46.20,94.28,"High productivity / strong attendance"
23882,"Chen Sofia Silva","Operations Department",Analyst,13710.00,2793.00,16503.00,4.60,24,75.20,93.52,"High productivity / strong attendance"
28041,"Yaw Kwame Martinez","Data and Analytics Department",Assistant,13441.00,2829.00,16270.00,4.60,24,83.60,92.91,"High productivity / strong attendance"
5031,"Charlotte Sophia Hannah Anderson","Operations Department",Manager,13758.00,2459.00,16217.00,4.60,29,79.40,92.46,"High productivity / strong attendance"
373,"Maria Isabella Schmidt","Human Resources Department",Consultant,13435.00,2619.00,16054.00,4.60,22,62.00,92.89,"High productivity / strong attendance"
19351,"Michael Carlos Smith","Engineering Department",Developer,13526.00,2038.00,15564.00,4.60,33,52.60,93.31,"High productivity / strong attendance"
8723,"Omar Omar Mohammed Khan","Data and Analytics Department",Assistant,12442.00,2793.00,15235.00,4.60,31,56.80,96.13,"High productivity / strong attendance"
17107,"Olivia Aisha Victoria Rossi","Engineering Department",Developer,14535.00,646.00,15181.00,4.60,29,56.20,91.77,"High productivity / strong attendance"
20121,"Naomi Zara Badu","Product Management Department",Assistant,14439.00,645.00,15084.00,4.60,28,66.40,89.41,Monitor
11687,"Naomi Ella Sophia Schmidt","Marketing Department",Assistant,12962.00,2092.00,15054.00,4.60,27,68.00,91.63,"High productivity / strong attendance"
18842,"Victoria Ava Patel","Data and Analytics Department",Consultant,12550.00,2255.00,14805.00,4.60,33,80.60,94.64,"High productivity / strong attendance"
10540,"Yaw Jean Patel","Human Resources Department",Analyst,11983.00,2581.00,14564.00,4.60,28,31.00,88.54,Monitor
1550,"Naomi Charlotte Okafor","Product Management Department",Consultant,12609.00,1014.00,13623.00,4.60,21,41.00,95.24,"High productivity / strong attendance"
7478,"Omar Kojo Mensah","Data and Analytics Department",Analyst,12858.00,664.00,13522.00,4.60,28,60.20,89.62,Monitor
15994,"Abena Maria Fatima Boateng","Human Resources Department",Analyst,10616.00,2821.00,13437.00,4.60,26,26.20,93.87,"High productivity / strong attendance"
12618,"Kwame Ethan Ethan Taylor","Product Management Department",Analyst,10541.00,2862.00,13403.00,4.60,14,35.60,94.13,"High productivity / strong attendance"
18973,"David Liam Kim","Engineering Department",Analyst,12195.00,1139.00,13334.00,4.60,32,61.60,92.01,"High productivity / strong attendance"
22607,"Wei Daniel Arjun Taylor","Operations Department",Consultant,12468.00,728.00,13196.00,4.60,33,34.00,92.85,"High productivity / strong attendance"
14839,"Ella Mia Schmidt","Marketing Department",Consultant,11270.00,1840.00,13110.00,4.60,17,78.80,95.75,"High productivity / strong attendance"
10566,"Andres Jean Brown","Finance Department",Consultant,11764.00,1315.00,13079.00,4.60,29,77.00,92.22,"High productivity / strong attendance"
5942,"Charlotte Isabella Lee","Operations Department",Consultant,11080.00,1999.00,13079.00,4.60,39,67.40,90.18,"High productivity / strong attendance"
802,"David Adjei","Finance Department",Executive,12427.00,627.00,13054.00,4.60,31,44.80,97.23,"High productivity / strong attendance"
13271,"Carlos Luca Owusu","Customer Support Department",Assistant,11920.00,1058.00,12978.00,4.60,34,73.80,94.82,"High productivity / strong attendance"
17499,"Chiamaka Grace Anderson","Operations Department",Developer,12363.00,374.00,12737.00,4.60,25,55.40,91.98,"High productivity / strong attendance"
10869,"Victoria Ava Badu","Customer Support Department",Executive,10799.00,1927.00,12726.00,4.60,22,76.40,89.98,Monitor
23880,"Victoria Ama Martinez","Finance Department",Assistant,12284.00,331.00,12615.00,4.60,28,63.00,93.64,"High productivity / strong attendance"
1781,"Ava Ella Isabella Smith","Product Management Department",Consultant,11988.00,599.00,12587.00,4.60,27,20.20,89.56,Monitor
24473,"Jean Andres Martinez","Operations Department",Consultant,10628.00,1905.00,12533.00,4.60,33,30.40,89.87,Monitor
13603,"Charlotte Fatima Chiamaka Kim","Marketing Department",Assistant,11037.00,1422.00,12459.00,4.60,38,28.80,94.43,"High productivity / strong attendance"
23865,"Hiroshi Arjun Ivanov","Marketing Department",Manager,10212.00,2043.00,12255.00,4.60,37,71.80,89.59,Monitor
18556,"Kofi Ethan Arjun Boateng","Engineering Department",Executive,9443.00,2786.00,12229.00,4.60,21,75.60,92.18,"High productivity / strong attendance"
23775,"Olivia Mia Maria Campbell","Product Management Department",Assistant,9470.00,2574.00,12044.00,4.60,37,65.80,90.17,"High productivity / strong attendance"
5594,"Grace Emily Rossi","Finance Department",Assistant,11233.00,707.00,11940.00,4.60,30,29.00,95.29,"High productivity / strong attendance"
7854,"Sophia Ananya Anderson","Operations Department",Assistant,9864.00,1783.00,11647.00,4.60,28,47.40,93.55,"High productivity / strong attendance"
24193,"Sofia Chiamaka Sophia Adjei","Marketing Department",Analyst,10154.00,1260.00,11414.00,4.60,36,72.80,91.19,"High productivity / strong attendance"
17245,"Isabella Sophia Owusu","Customer Support Department",Assistant,8354.00,2949.00,11303.00,4.60,33,72.60,94.73,"High productivity / strong attendance"
21770,"Victoria Mia Williams","Operations Department",Assistant,10786.00,469.00,11255.00,4.60,30,68.00,92.63,"High productivity / strong attendance"
19971,"Ananya Olivia Ella Boateng","Human Resources Department",Assistant,9474.00,1747.00,11221.00,4.60,27,90.60,93.13,"High productivity / strong attendance"
8737,"Isaac Wei Brown","Finance Department",Executive,9672.00,1476.00,11148.00,4.60,15,79.20,92.89,"High productivity / strong attendance"
20804,"Noah Sebastian Arjun Hassan","Data and Analytics Department",Analyst,9039.00,2086.00,11125.00,4.60,29,75.80,93.02,"High productivity / strong attendance"
28950,"Jean Noah Michael Silva","Operations Department",Analyst,9368.00,1662.00,11030.00,4.60,28,56.20,92.49,"High productivity / strong attendance"
17909,"Liam Arjun Anderson","Data and Analytics Department",Analyst,9222.00,1785.00,11007.00,4.60,25,78.00,92.36,"High productivity / strong attendance"
25293,"Omar Samuel Michael Rossi","Human Resources Department",Executive,9768.00,1156.00,10924.00,4.60,37,62.40,95.79,"High productivity / strong attendance"
23694,"Andres Alexander Ivanov","Marketing Department",Consultant,8490.00,2325.00,10815.00,4.60,40,71.80,93.73,"High productivity / strong attendance"
27735,"Ella Ella Sophia Campbell","Marketing Department",Analyst,8973.00,1692.00,10665.00,4.60,26,62.40,93.60,"High productivity / strong attendance"
10883,"Chen Ama Sakura Nguyen","Finance Department",Analyst,9597.00,951.00,10548.00,4.60,30,58.60,91.33,"High productivity / strong attendance"
27585,"Kwame Arjun Patel","Human Resources Department",Developer,9300.00,1118.00,10418.00,4.60,33,56.80,92.81,"High productivity / strong attendance"
28852,"Chen Fatima Nguyen","Product Management Department",Manager,9571.00,785.00,10356.00,4.60,25,81.40,91.07,"High productivity / strong attendance"
12723,"Mateo Samuel Michael Brown","Operations Department",Analyst,7072.00,2817.00,9889.00,4.60,26,50.40,92.57,"High productivity / strong attendance"
14150,"Noah Carlos Elijah Schmidt","Product Management Department",Assistant,8074.00,1737.00,9811.00,4.60,27,26.80,91.37,"High productivity / strong attendance"
14599,"Kofi Luca Liam Lee","Finance Department",Analyst,8736.00,1019.00,9755.00,4.60,25,58.60,92.28,"High productivity / strong attendance"
19225,"Chiamaka Isabella Hassan","Customer Support Department",Manager,7464.00,1116.00,8580.00,4.60,25,76.80,92.61,"High productivity / strong attendance"
27784,"Naomi Adwoa Olivia Martinez","Marketing Department",Manager,7048.00,1253.00,8301.00,4.60,37,41.60,89.67,Monitor
9462,"Ava Akosua Maria Hassan","Engineering Department",Developer,4947.00,2912.00,7859.00,4.60,29,63.80,90.06,"High productivity / strong attendance"
3825,"Yaw Nguyen","Engineering Department",Analyst,5697.00,2130.00,7827.00,4.60,22,49.80,92.54,"High productivity / strong attendance"
16341,"Chen Ella Chiamaka Schmidt","Engineering Department",Analyst,5021.00,2715.00,7736.00,4.60,27,81.80,91.10,"High productivity / strong attendance"
5865,"Victoria Ava Osei","Finance Department",Analyst,7309.00,412.00,7721.00,4.60,23,85.80,94.76,"High productivity / strong attendance"
13063,"Isaac Yusuf Rossi","Data and Analytics Department",Manager,4954.00,2333.00,7287.00,4.60,29,86.60,92.23,"High productivity / strong attendance"
24076,"Arjun Alexander Alexander Rossi","Customer Support Department",Developer,6277.00,960.00,7237.00,4.60,24,62.60,90.68,"High productivity / strong attendance"
22642,"Lina Ella Chiamaka Johnson","Operations Department",Developer,4695.00,2066.00,6761.00,4.60,33,41.40,92.28,"High productivity / strong attendance"
17541,"Wei Noah Kofi Martinez","Finance Department",Executive,5405.00,1281.00,6686.00,4.60,18,60.20,89.35,Monitor
28316,"Ama Emily Mia Rossi","Data and Analytics Department",Executive,3775.00,2417.00,6192.00,4.60,25,74.20,94.12,"High productivity / strong attendance"
24046,"Sofia Aisha Adwoa Boateng","Human Resources Department",Assistant,5589.00,557.00,6146.00,4.60,22,77.40,90.84,"High productivity / strong attendance"
3179,"Akosua Ananya Ella Martinez","Customer Support Department",Executive,4273.00,1864.00,6137.00,4.60,27,82.20,95.05,"High productivity / strong attendance"
2535,"Chiamaka Taylor","Engineering Department",Executive,4037.00,1869.00,5906.00,4.60,27,59.20,92.86,"High productivity / strong attendance"
13364,"Andres Jean Kojo Taylor","Data and Analytics Department",Analyst,4193.00,1607.00,5800.00,4.60,34,46.80,95.84,"High productivity / strong attendance"
5084,"David Luca Liam Boateng","Engineering Department",Executive,3217.00,2402.00,5619.00,4.60,23,74.40,90.44,"High productivity / strong attendance"
17563,"Daniel Nathan David Silva","Customer Support Department",Manager,2738.00,2474.00,5212.00,4.60,28,56.80,92.44,"High productivity / strong attendance"
26271,"Sophia Maria Olivia Okafor","Data and Analytics Department",Assistant,3240.00,1945.00,5185.00,4.60,20,47.60,90.04,"High productivity / strong attendance"
3133,"Abena Isabella Nguyen","Product Management Department",Developer,2923.00,1954.00,4877.00,4.60,29,78.00,92.68,"High productivity / strong attendance"
24317,"Hiroshi David David Lee","Product Management Department",Developer,3989.00,802.00,4791.00,4.60,27,56.40,92.04,"High productivity / strong attendance"
19491,"Isabella Ama Taylor","Data and Analytics Department",Executive,3000.00,1727.00,4727.00,4.60,15,80.80,87.78,Monitor
23769,"Alexander Elijah Lee","Data and Analytics Department",Executive,2904.00,1272.00,4176.00,4.60,24,64.20,95.06,"High productivity / strong attendance"
21167,"Hiroshi Elijah Dubois","Marketing Department",Executive,2614.00,1333.00,3947.00,4.60,36,43.80,91.53,"High productivity / strong attendance"
14416,"Naomi Olivia Johnson","Human Resources Department",Assistant,3110.00,792.00,3902.00,4.60,24,46.20,89.93,Monitor
9452,"Naomi Victoria Taylor","Operations Department",Executive,2633.00,971.00,3604.00,4.60,26,54.60,89.74,Monitor
4120,"Yaw Arjun Isaac Silva","Marketing Department",Manager,14737.00,2906.00,17643.00,4.59,26,70.40,91.50,"High productivity / strong attendance"
18197,"Maria Chen Mia Ivanov","Product Management Department",Developer,14422.00,2818.00,17240.00,4.59,23,54.60,92.44,"High productivity / strong attendance"
12717,"Jean Daniel Taylor","Finance Department",Analyst,14027.00,2590.00,16617.00,4.59,31,48.20,91.62,"High productivity / strong attendance"
4493,"Andres Jean Kojo Rossi","Product Management Department",Executive,14507.00,2030.00,16537.00,4.59,30,32.60,91.51,"High productivity / strong attendance"
6270,"Victoria Ella Mia Ivanov","Marketing Department",Analyst,13833.00,2540.00,16373.00,4.59,16,50.60,95.42,"High productivity / strong attendance"
12698,"Elijah Isaac Kojo Mensah","Product Management Department",Analyst,14327.00,1644.00,15971.00,4.59,30,32.80,91.85,"High productivity / strong attendance"
5984,"Sebastian Michael Michael Okafor","Product Management Department",Analyst,12760.00,2610.00,15370.00,4.59,25,63.00,93.05,"High productivity / strong attendance"
5009,"Sophia Hannah Badu","Product Management Department",Assistant,12673.00,2695.00,15368.00,4.59,18,54.60,91.87,"High productivity / strong attendance"
9164,"Luca Carlos Andres Boateng","Finance Department",Executive,12447.00,2909.00,15356.00,4.59,27,48.60,89.44,Monitor
16159,"Hannah Ella Lopez","Human Resources Department",Developer,12507.00,2678.00,15185.00,4.59,21,57.20,93.10,"High productivity / strong attendance"
8826,"Yusuf Michael Lee","Customer Support Department",Executive,13810.00,1099.00,14909.00,4.59,27,36.60,91.91,"High productivity / strong attendance"
16321,"David Liam Yaw Khan","Data and Analytics Department",Consultant,12704.00,2009.00,14713.00,4.59,19,60.00,91.21,"High productivity / strong attendance"
16712,"Ava Ava Victoria Lopez","Human Resources Department",Analyst,12100.00,2416.00,14516.00,4.59,26,49.60,93.70,"High productivity / strong attendance"
18733,"Akosua Ama Rossi","Finance Department",Developer,13986.00,302.00,14288.00,4.59,35,80.00,93.39,"High productivity / strong attendance"
7885,"Isaac Jean Lee","Operations Department",Analyst,13518.00,554.00,14072.00,4.59,32,61.80,92.15,"High productivity / strong attendance"
27599,"Mohammed Kwame Michael Lee","Engineering Department",Manager,13651.00,325.00,13976.00,4.59,26,71.20,93.44,"High productivity / strong attendance"
4043,"Samuel Omar Liam Taylor","Human Resources Department",Consultant,13406.00,550.00,13956.00,4.59,20,69.80,89.79,Monitor
10099,"Naomi Sofia Hannah Badu","Customer Support Department",Manager,12286.00,1530.00,13816.00,4.59,28,64.00,88.30,Monitor
15724,"Ella Chen Lina Ivanov","Product Management Department",Developer,12971.00,822.00,13793.00,4.59,30,30.60,91.34,"High productivity / strong attendance"
8152,"Yusuf Alexander Smith","Marketing Department",Manager,11585.00,1939.00,13524.00,4.59,22,55.00,88.57,Monitor
24528,"Ava Ella Ama Taylor","Data and Analytics Department",Analyst,12712.00,750.00,13462.00,4.59,29,32.20,94.27,"High productivity / strong attendance"
11476,"Ava Mia Williams","Data and Analytics Department",Assistant,11584.00,1845.00,13429.00,4.59,24,57.00,95.06,"High productivity / strong attendance"
8229,"Kojo Kwame Silva","Product Management Department",Analyst,12705.00,573.00,13278.00,4.59,17,78.40,94.76,"High productivity / strong attendance"
24687,"Yusuf Yusuf Owusu","Marketing Department",Developer,11576.00,1646.00,13222.00,4.59,22,74.20,91.98,"High productivity / strong attendance"
27662,"Kwame Andres Samuel Silva","Finance Department",Assistant,12208.00,835.00,13043.00,4.59,29,40.40,93.14,"High productivity / strong attendance"
10000,"Adwoa Fatima Kim","Marketing Department",Manager,11690.00,1129.00,12819.00,4.59,27,40.80,94.17,"High productivity / strong attendance"
7303,"Luca Wei Sebastian Rossi","Engineering Department",Consultant,9921.00,2460.00,12381.00,4.59,21,38.60,93.19,"High productivity / strong attendance"
13447,"Isabella Sofia Adjei","Marketing Department",Assistant,10928.00,1164.00,12092.00,4.59,28,63.80,91.54,"High productivity / strong attendance"
1223,"Kofi Kofi Hassan","Finance Department",Developer,11242.00,671.00,11913.00,4.59,24,61.20,94.83,"High productivity / strong attendance"
24795,"Ethan Luca Elijah Schmidt","Operations Department",Manager,9290.00,2589.00,11879.00,4.59,32,28.80,93.56,"High productivity / strong attendance"
28447,"Sebastian Liam Nathan Martinez","Finance Department",Consultant,11053.00,625.00,11678.00,4.59,27,78.20,94.05,"High productivity / strong attendance"
13806,"Fatima Adwoa Khan","Engineering Department",Assistant,9785.00,1847.00,11632.00,4.59,24,47.40,93.27,"High productivity / strong attendance"
9705,"Maria Lina Ama Rossi","Finance Department",Manager,9318.00,2196.00,11514.00,4.59,32,52.40,88.83,Monitor
11107,"Yaw Michael Elijah Patel","Data and Analytics Department",Assistant,8692.00,2304.00,10996.00,4.59,20,35.60,92.43,"High productivity / strong attendance"
26185,"Liam Arjun Nathan Mensah","Finance Department",Developer,9099.00,1594.00,10693.00,4.59,31,36.00,92.06,"High productivity / strong attendance"
25875,"Michael Kwame Alexander Lee","Marketing Department",Assistant,7254.00,2960.00,10214.00,4.59,32,34.60,94.24,"High productivity / strong attendance"
1859,"Sofia Lina Lopez","Marketing Department",Assistant,7652.00,2353.00,10005.00,4.59,29,25.40,92.30,"High productivity / strong attendance"
24988,"Grace Chen Sofia Owusu","Human Resources Department",Assistant,9557.00,342.00,9899.00,4.59,28,46.00,93.43,"High productivity / strong attendance"
10694,"Andres Nathan Elijah Garcia","Product Management Department",Manager,9193.00,306.00,9499.00,4.59,13,44.40,89.91,Monitor
22290,"Kofi Mohammed Arjun Silva","Finance Department",Manager,7449.00,1744.00,9193.00,4.59,25,79.20,97.83,"High productivity / strong attendance"
7476,"Naomi Chiamaka Osei","Data and Analytics Department",Executive,7434.00,1570.00,9004.00,4.59,23,39.40,92.99,"High productivity / strong attendance"
21222,"Ella Sofia Ama Badu","Engineering Department",Analyst,5871.00,2803.00,8674.00,4.59,22,57.60,92.87,"High productivity / strong attendance"
257,"Sebastian Sebastian Silva","Customer Support Department",Consultant,7511.00,1089.00,8600.00,4.59,27,41.20,93.42,"High productivity / strong attendance"
7992,"Sebastian Mensah","Engineering Department",Consultant,7678.00,876.00,8554.00,4.59,28,73.80,94.56,"High productivity / strong attendance"
9558,"Sophia Ava Mensah","Engineering Department",Consultant,7197.00,1251.00,8448.00,4.59,27,82.60,89.26,Monitor
28303,"Wei Hiroshi Nguyen","Customer Support Department",Developer,5432.00,2993.00,8425.00,4.59,32,62.00,91.83,"High productivity / strong attendance"
27876,"Carlos Mateo Elijah Osei","Human Resources Department",Executive,7413.00,997.00,8410.00,4.59,20,31.20,93.85,"High productivity / strong attendance"
12537,"Andres Yusuf Rossi","Customer Support Department",Assistant,7189.00,1021.00,8210.00,4.59,36,36.40,90.03,"High productivity / strong attendance"
11112,"Alexander Mateo Kim","Customer Support Department",Executive,5439.00,2709.00,8148.00,4.59,35,51.80,90.55,"High productivity / strong attendance"
21246,"Nathan Liam Taylor","Customer Support Department",Executive,7710.00,333.00,8043.00,4.59,40,70.00,94.30,"High productivity / strong attendance"
2243,"Fatima Emily Mensah","Finance Department",Consultant,6003.00,1681.00,7684.00,4.59,33,46.60,91.60,"High productivity / strong attendance"
2287,"Noah Kwame Alexander Williams","Engineering Department",Analyst,6619.00,967.00,7586.00,4.59,39,65.00,90.82,"High productivity / strong attendance"
19104,"Hannah Ella Ivanov","Human Resources Department",Consultant,6815.00,726.00,7541.00,4.59,27,69.60,94.28,"High productivity / strong attendance"
16373,"Aisha Ama Emily Lopez","Data and Analytics Department",Analyst,4967.00,1950.00,6917.00,4.59,25,47.20,88.64,Monitor
27801,"Samuel Liam Carlos Kim","Human Resources Department",Assistant,4079.00,2617.00,6696.00,4.59,40,76.20,92.53,"High productivity / strong attendance"
23393,"Arjun Arjun Badu","Finance Department",Manager,3208.00,2943.00,6151.00,4.59,26,33.00,96.07,"High productivity / strong attendance"
2576,"Kojo Nathan Johnson","Engineering Department",Analyst,3147.00,2942.00,6089.00,4.59,29,69.40,90.92,"High productivity / strong attendance"
554,"Ethan Alexander Mohammed Boateng","Marketing Department",Manager,3895.00,2092.00,5987.00,4.59,23,81.40,96.15,"High productivity / strong attendance"
25421,"Mateo Kwame Omar Okafor","Finance Department",Analyst,4696.00,1194.00,5890.00,4.59,28,88.00,91.09,"High productivity / strong attendance"
22606,"Zara Emily Fatima Campbell","Marketing Department",Consultant,4337.00,1531.00,5868.00,4.59,35,30.60,93.68,"High productivity / strong attendance"
11130,"Alexander Isaac Kwame Martinez","Data and Analytics Department",Assistant,3852.00,1885.00,5737.00,4.59,16,52.40,92.48,"High productivity / strong attendance"
17912,"Aisha Olivia Ivanov","Data and Analytics Department",Developer,2916.00,2618.00,5534.00,4.59,21,52.20,96.70,"High productivity / strong attendance"
9698,"Noah Yaw Michael Khan","Human Resources Department",Consultant,4103.00,1239.00,5342.00,4.59,16,74.60,94.53,"High productivity / strong attendance"
1013,"Victoria Maria Martinez","Customer Support Department",Consultant,3459.00,1644.00,5103.00,4.59,20,80.20,89.80,Monitor
21416,"Akosua Zara Ananya Smith","Data and Analytics Department",Consultant,4256.00,754.00,5010.00,4.59,26,59.60,91.73,"High productivity / strong attendance"
6291,"Grace Williams","Marketing Department",Consultant,3754.00,984.00,4738.00,4.59,27,66.40,93.75,"High productivity / strong attendance"
12933,"Wei Alexander Lopez","Finance Department",Developer,3232.00,1425.00,4657.00,4.59,29,70.60,91.94,"High productivity / strong attendance"
9576,"Lina Emily Olivia Martinez","Engineering Department",Assistant,2650.00,1017.00,3667.00,4.59,32,31.40,91.65,"High productivity / strong attendance"
20963,"Kojo Hiroshi Hassan","Human Resources Department",Assistant,3215.00,382.00,3597.00,4.59,21,23.00,91.23,"High productivity / strong attendance"
312,"Mateo Carlos Nguyen","Product Management Department",Consultant,14841.00,2362.00,17203.00,4.58,29,63.20,89.68,Monitor
11351,"Carlos Michael Osei","Product Management Department",Analyst,13976.00,2589.00,16565.00,4.58,24,27.80,92.46,"High productivity / strong attendance"
18974,"Daniel Kofi Okafor","Product Management Department",Analyst,14515.00,1673.00,16188.00,4.58,30,83.80,89.62,Monitor
24654,"Ananya Charlotte Maria Campbell","Data and Analytics Department",Developer,14343.00,1837.00,16180.00,4.58,17,61.00,96.04,"High productivity / strong attendance"
3415,"Victoria Taylor","Data and Analytics Department",Manager,14750.00,1383.00,16133.00,4.58,26,76.20,94.43,"High productivity / strong attendance"
26461,"Sofia Ella Ama Silva","Finance Department",Analyst,13583.00,2428.00,16011.00,4.58,35,78.80,93.12,"High productivity / strong attendance"
26267,"Arjun Jean Elijah Smith","Data and Analytics Department",Assistant,14799.00,1078.00,15877.00,4.58,38,23.40,92.61,"High productivity / strong attendance"
21169,"Carlos Elijah Andres Okafor","Finance Department",Assistant,13028.00,2748.00,15776.00,4.58,25,28.00,92.01,"High productivity / strong attendance"
11278,"Abena Lina Isabella Silva","Product Management Department",Consultant,14131.00,1376.00,15507.00,4.58,28,50.60,94.87,"High productivity / strong attendance"
25822,"Sakura Olivia Brown","Customer Support Department",Manager,13621.00,1145.00,14766.00,4.58,32,43.80,94.85,"High productivity / strong attendance"
15148,"Aisha Olivia Hannah Taylor","Customer Support Department",Manager,11683.00,2980.00,14663.00,4.58,21,77.00,93.32,"High productivity / strong attendance"
11517,"Alexander Jean Luca Osei","Product Management Department",Consultant,14272.00,382.00,14654.00,4.58,37,76.00,93.37,"High productivity / strong attendance"
15564,"Emily Chiamaka Aisha Boateng","Operations Department",Developer,13946.00,559.00,14505.00,4.58,19,72.00,93.63,"High productivity / strong attendance"
16924,"Isabella Sofia Mensah","Human Resources Department",Assistant,12517.00,1960.00,14477.00,4.58,26,65.00,93.97,"High productivity / strong attendance"
24210,"Yusuf Nathan Garcia","Finance Department",Executive,12508.00,1723.00,14231.00,4.58,29,74.20,94.31,"High productivity / strong attendance"
11595,"Luca Nathan Campbell","Engineering Department",Developer,11297.00,2877.00,14174.00,4.58,21,27.20,87.94,Monitor
1797,"Sophia Ananya Grace Anderson","Product Management Department",Manager,12964.00,1143.00,14107.00,4.58,25,34.80,90.05,"High productivity / strong attendance"
23980,"Olivia Olivia Owusu","Product Management Department",Assistant,11556.00,2141.00,13697.00,4.58,28,20.20,90.16,"High productivity / strong attendance"
22847,"Carlos Liam Badu","Product Management Department",Manager,13151.00,509.00,13660.00,4.58,32,87.20,91.06,"High productivity / strong attendance"
10314,"Daniel Samuel Noah Boateng","Engineering Department",Assistant,12309.00,1264.00,13573.00,4.58,31,70.00,91.24,"High productivity / strong attendance"
26610,"Maria Fatima Taylor","Engineering Department",Executive,11278.00,1791.00,13069.00,4.58,26,84.00,94.28,"High productivity / strong attendance"
26265,"Ethan Liam Kofi Nguyen","Operations Department",Manager,12262.00,688.00,12950.00,4.58,36,72.20,94.34,"High productivity / strong attendance"
4434,"Ananya Charlotte Garcia","Marketing Department",Analyst,12438.00,361.00,12799.00,4.58,16,51.00,95.32,"High productivity / strong attendance"
26367,"Zara Ella Isabella Kim","Customer Support Department",Executive,12163.00,564.00,12727.00,4.58,32,58.40,92.10,"High productivity / strong attendance"
23752,"Naomi Emily Hannah Dubois","Marketing Department",Analyst,9991.00,2651.00,12642.00,4.58,28,56.00,95.31,"High productivity / strong attendance"
19804,"Ella Fatima Victoria Rossi","Marketing Department",Assistant,10188.00,2451.00,12639.00,4.58,28,41.00,91.93,"High productivity / strong attendance"
23471,"Ethan Carlos Carlos Schmidt","Customer Support Department",Manager,10328.00,2276.00,12604.00,4.58,39,88.60,93.51,"High productivity / strong attendance"
8685,"Emily Sofia Akosua Campbell","Marketing Department",Consultant,9682.00,2878.00,12560.00,4.58,31,84.00,92.43,"High productivity / strong attendance"
4598,"Sophia Sakura Charlotte Nguyen","Marketing Department",Consultant,10452.00,1981.00,12433.00,4.58,27,67.00,90.90,"High productivity / strong attendance"
17770,"Alexander Liam Yusuf Khan","Finance Department",Manager,11039.00,1320.00,12359.00,4.58,23,32.80,94.34,"High productivity / strong attendance"
5020,"Kojo Arjun Garcia","Finance Department",Assistant,10179.00,2121.00,12300.00,4.58,37,33.00,92.09,"High productivity / strong attendance"
1435,"Olivia Rossi","Product Management Department",Analyst,9546.00,2736.00,12282.00,4.58,33,75.40,91.72,"High productivity / strong attendance"
1256,"Ella Olivia Lopez","Customer Support Department",Assistant,9774.00,2432.00,12206.00,4.58,27,61.00,95.89,"High productivity / strong attendance"
9113,"Nathan Kofi Omar Owusu","Customer Support Department",Executive,11341.00,807.00,12148.00,4.58,31,45.80,91.22,"High productivity / strong attendance"
27028,"Fatima Sakura Ella Martinez","Customer Support Department",Developer,10261.00,1594.00,11855.00,4.58,26,27.60,92.88,"High productivity / strong attendance"
8851,"Sakura Ava Lee","Finance Department",Developer,10742.00,890.00,11632.00,4.58,32,44.80,92.27,"High productivity / strong attendance"
24770,"Fatima Sofia Ella Garcia","Customer Support Department",Consultant,8427.00,2979.00,11406.00,4.58,29,80.40,90.53,"High productivity / strong attendance"
29684,"Ava Ananya Lopez","Product Management Department",Developer,9768.00,1290.00,11058.00,4.58,33,26.80,91.07,"High productivity / strong attendance"
5366,"Liam Nathan Sebastian Anderson","Operations Department",Executive,9683.00,1108.00,10791.00,4.58,18,88.60,94.23,"High productivity / strong attendance"
22234,"Kwame Luca Yusuf Johnson","Engineering Department",Consultant,8201.00,2586.00,10787.00,4.58,24,87.00,91.20,"High productivity / strong attendance"
16632,"Sophia Chen Fatima Garcia","Engineering Department",Assistant,8326.00,2213.00,10539.00,4.58,20,57.00,92.56,"High productivity / strong attendance"
29699,"Yusuf Yusuf Andres Mensah","Product Management Department",Manager,8996.00,1475.00,10471.00,4.58,34,31.20,92.62,"High productivity / strong attendance"
29488,"Jean Mateo Sebastian Rossi","Data and Analytics Department",Executive,8358.00,1981.00,10339.00,4.58,24,85.40,94.24,"High productivity / strong attendance"
7616,"Isaac Noah Johnson","Marketing Department",Analyst,8541.00,1677.00,10218.00,4.58,31,39.60,96.60,"High productivity / strong attendance"
6697,"Isaac Carlos Brown","Finance Department",Executive,8089.00,2122.00,10211.00,4.58,25,42.20,95.56,"High productivity / strong attendance"
11219,"Liam Jean Anderson","Customer Support Department",Analyst,9861.00,344.00,10205.00,4.58,22,75.40,95.44,"High productivity / strong attendance"
8316,"Fatima Naomi Abena Hassan","Marketing Department",Executive,7895.00,2069.00,9964.00,4.58,25,31.40,89.42,Monitor
27486,"Ava Lina Garcia","Human Resources Department",Assistant,7427.00,2231.00,9658.00,4.58,28,74.60,94.44,"High productivity / strong attendance"
9101,"Lina Hannah Lina Kim","Human Resources Department",Executive,6658.00,2984.00,9642.00,4.58,30,37.20,94.88,"High productivity / strong attendance"
24819,"Akosua Zara Charlotte Garcia","Engineering Department",Assistant,8740.00,687.00,9427.00,4.58,23,22.40,89.30,Monitor
6251,"Jean Samuel Patel","Finance Department",Assistant,6499.00,2924.00,9423.00,4.58,32,68.40,89.45,Monitor
7418,"Akosua Lina Smith","Customer Support Department",Analyst,7347.00,1303.00,8650.00,4.58,28,49.00,93.26,"High productivity / strong attendance"
13021,"Zara Abena Chiamaka Owusu","Engineering Department",Analyst,8169.00,458.00,8627.00,4.58,22,65.80,89.78,Monitor
776,"Lina Sakura Dubois","Data and Analytics Department",Developer,5829.00,2740.00,8569.00,4.58,23,33.00,93.74,"High productivity / strong attendance"
9109,"Omar Noah Okafor","Data and Analytics Department",Consultant,6243.00,2301.00,8544.00,4.58,39,29.60,93.08,"High productivity / strong attendance"
14586,"Omar Kofi Michael Kim","Product Management Department",Manager,7213.00,1318.00,8531.00,4.58,34,67.60,92.25,"High productivity / strong attendance"
16720,"Michael Kwame Johnson","Operations Department",Assistant,6326.00,1440.00,7766.00,4.58,30,30.20,90.13,"High productivity / strong attendance"
3694,"Ava Chen Smith","Customer Support Department",Developer,5520.00,2142.00,7662.00,4.58,25,52.40,92.26,"High productivity / strong attendance"
28453,"Sophia Victoria Taylor","Product Management Department",Consultant,6565.00,985.00,7550.00,4.58,25,42.80,95.65,"High productivity / strong attendance"
12229,"Mia Chiamaka Ava Williams","Data and Analytics Department",Executive,4750.00,2753.00,7503.00,4.58,22,68.60,93.39,"High productivity / strong attendance"
6351,"David Silva","Marketing Department",Consultant,4562.00,2660.00,7222.00,4.58,35,18.40,93.83,"High productivity / strong attendance"
26920,"Akosua Emily Mia Brown","Engineering Department",Manager,4664.00,2531.00,7195.00,4.58,23,50.60,96.12,"High productivity / strong attendance"
1560,"Kwame Sebastian Alexander Williams","Human Resources Department",Developer,4417.00,2519.00,6936.00,4.58,31,84.40,92.63,"High productivity / strong attendance"
8676,"Jean Nathan Omar Kim","Marketing Department",Executive,4573.00,2334.00,6907.00,4.58,23,56.40,90.37,"High productivity / strong attendance"
24506,"Chen Chen Smith","Finance Department",Manager,5309.00,1598.00,6907.00,4.58,23,66.40,89.98,Monitor
16982,"Daniel Kwame Nguyen","Data and Analytics Department",Developer,4070.00,2516.00,6586.00,4.58,28,71.40,89.70,Monitor
5517,"Akosua Mia Olivia Osei","Data and Analytics Department",Assistant,5545.00,838.00,6383.00,4.58,21,43.00,91.42,"High productivity / strong attendance"
17433,"Akosua Ella Lina Mensah","Finance Department",Developer,3814.00,2556.00,6370.00,4.58,31,57.20,90.42,"High productivity / strong attendance"
20409,"Hiroshi Samuel Lee","Human Resources Department",Executive,3307.00,2914.00,6221.00,4.58,27,80.40,95.73,"High productivity / strong attendance"
23076,"Jean Hiroshi Jean Nguyen","Customer Support Department",Consultant,5610.00,480.00,6090.00,4.58,31,34.60,92.45,"High productivity / strong attendance"
10192,"Michael Wei Williams","Engineering Department",Analyst,3839.00,2244.00,6083.00,4.58,26,34.20,93.21,"High productivity / strong attendance"
4786,"Sebastian Andres Ethan Anderson","Finance Department",Assistant,5529.00,474.00,6003.00,4.58,25,64.80,88.45,Monitor
24899,"Ava Adwoa Osei","Marketing Department",Manager,4788.00,849.00,5637.00,4.58,28,46.20,92.90,"High productivity / strong attendance"
16728,"Kwame Mohammed Hiroshi Owusu","Data and Analytics Department",Developer,4189.00,1287.00,5476.00,4.58,20,54.80,92.41,"High productivity / strong attendance"
14949,"Emily Abena Charlotte Anderson","Marketing Department",Consultant,4680.00,590.00,5270.00,4.58,30,80.00,93.86,"High productivity / strong attendance"
9935,"David Sebastian Johnson","Product Management Department",Consultant,4590.00,643.00,5233.00,4.58,30,51.40,95.60,"High productivity / strong attendance"
26812,"Elijah Kofi Sebastian Okafor","Engineering Department",Analyst,4177.00,1002.00,5179.00,4.58,26,37.80,91.17,"High productivity / strong attendance"
29249,"Abena Ananya Smith","Engineering Department",Analyst,4439.00,719.00,5158.00,4.58,18,36.60,94.13,"High productivity / strong attendance"
24401,"Kwame Jean Omar Campbell","Customer Support Department",Developer,3628.00,1485.00,5113.00,4.58,37,68.00,88.53,Monitor
18608,"Michael Ethan Yaw Rossi","Engineering Department",Consultant,3708.00,1388.00,5096.00,4.58,33,51.60,92.65,"High productivity / strong attendance"
12630,"Liam Jean Kwame Johnson","Operations Department",Executive,3499.00,1342.00,4841.00,4.58,26,43.20,87.88,Monitor
2821,"Jean Noah Nguyen","Customer Support Department",Consultant,3623.00,1169.00,4792.00,4.58,20,63.00,93.12,"High productivity / strong attendance"
6348,"Ama Ella Ama Johnson","Data and Analytics Department",Consultant,2522.00,1916.00,4438.00,4.58,28,92.60,93.06,"High productivity / strong attendance"
4137,"Naomi Isabella Ella Adjei","Human Resources Department",Analyst,3883.00,477.00,4360.00,4.58,29,49.80,91.96,"High productivity / strong attendance"
15633,"Arjun Alexander Samuel Adjei","Customer Support Department",Manager,3391.00,919.00,4310.00,4.58,27,39.80,90.73,"High productivity / strong attendance"
24836,"Grace Mia Akosua Kim","Marketing Department",Executive,2907.00,1115.00,4022.00,4.58,13,63.60,91.83,"High productivity / strong attendance"
19947,"Akosua Chiamaka Anderson","Human Resources Department",Executive,3402.00,611.00,4013.00,4.58,12,65.80,91.83,"High productivity / strong attendance"
13452,"Daniel Kwame Carlos Okafor","Operations Department",Manager,3219.00,778.00,3997.00,4.58,16,54.20,89.91,Monitor
14442,"Luca Hiroshi Mensah","Human Resources Department",Consultant,2597.00,1217.00,3814.00,4.58,30,66.60,91.66,"High productivity / strong attendance"
18437,"Mia Chen Rossi","Data and Analytics Department",Consultant,14514.00,2606.00,17120.00,4.57,25,50.60,88.72,Monitor
2255,"Sophia Mia Emily Ivanov","Finance Department",Consultant,14861.00,1963.00,16824.00,4.57,32,54.00,92.48,"High productivity / strong attendance"
17935,"Elijah Yusuf Dubois","Data and Analytics Department",Analyst,14244.00,2378.00,16622.00,4.57,19,66.80,91.82,"High productivity / strong attendance"
19864,"Ava Ananya Sophia Rossi","Customer Support Department",Consultant,13728.00,2633.00,16361.00,4.57,34,29.40,95.34,"High productivity / strong attendance"
5665,"Adwoa Ava Chen Boateng","Customer Support Department",Developer,14775.00,1456.00,16231.00,4.57,44,69.40,94.64,"High productivity / strong attendance"
1822,"Nathan Isaac Carlos Silva","Marketing Department",Executive,12950.00,2979.00,15929.00,4.57,29,76.20,95.79,"High productivity / strong attendance"
23730,"Isabella Ama Patel","Customer Support Department",Developer,13165.00,2662.00,15827.00,4.57,19,45.00,91.86,"High productivity / strong attendance"
25974,"Victoria Victoria Hannah Schmidt","Operations Department",Assistant,13333.00,2474.00,15807.00,4.57,10,32.20,91.17,"High productivity / strong attendance"
5047,"Carlos Kojo Lopez","Data and Analytics Department",Manager,14808.00,748.00,15556.00,4.57,31,39.00,92.05,"High productivity / strong attendance"
26704,"Hannah Victoria Akosua Khan","Human Resources Department",Developer,13605.00,1934.00,15539.00,4.57,36,79.00,93.30,"High productivity / strong attendance"
10109,"Sakura Fatima Fatima Anderson","Marketing Department",Consultant,13873.00,1094.00,14967.00,4.57,35,47.60,92.73,"High productivity / strong attendance"
28878,"Liam Andres Alexander Lee","Human Resources Department",Developer,12476.00,2371.00,14847.00,4.57,38,40.80,94.73,"High productivity / strong attendance"
3828,"Kwame Johnson","Human Resources Department",Manager,12300.00,2356.00,14656.00,4.57,24,70.00,89.10,Monitor
29380,"Abena Sophia Victoria Johnson","Customer Support Department",Analyst,12891.00,1517.00,14408.00,4.57,23,62.20,94.48,"High productivity / strong attendance"
2327,"Jean Yaw Kofi Campbell","Engineering Department",Analyst,12870.00,1498.00,14368.00,4.57,22,55.80,88.92,Monitor
29116,"Olivia Chiamaka Patel","Engineering Department",Manager,13988.00,349.00,14337.00,4.57,27,61.80,91.59,"High productivity / strong attendance"
11852,"Isabella Abena Maria Adjei","Data and Analytics Department",Developer,13390.00,935.00,14325.00,4.57,25,68.00,94.21,"High productivity / strong attendance"
10026,"Chen Isabella Isabella Okafor","Operations Department",Developer,11146.00,2914.00,14060.00,4.57,30,47.60,92.51,"High productivity / strong attendance"
28134,"Liam Samuel Alexander Nguyen","Operations Department",Manager,11482.00,2241.00,13723.00,4.57,28,46.80,92.03,"High productivity / strong attendance"
9995,"Naomi Sophia Ava Okafor","Engineering Department",Developer,12060.00,1550.00,13610.00,4.57,25,75.60,87.97,Monitor
8038,"Mateo Alexander Silva","Finance Department",Analyst,10835.00,2646.00,13481.00,4.57,21,85.80,91.60,"High productivity / strong attendance"
21410,"Maria Sofia Hassan","Operations Department",Executive,11030.00,2398.00,13428.00,4.57,35,37.40,89.33,Monitor
635,"Victoria Martinez","Marketing Department",Manager,11758.00,1637.00,13395.00,4.57,33,86.20,89.81,Monitor
15999,"Sebastian Daniel Ethan Boateng","Marketing Department",Analyst,11758.00,1530.00,13288.00,4.57,26,42.60,89.69,Monitor
5109,"Samuel Michael Lopez","Marketing Department",Manager,11379.00,1867.00,13246.00,4.57,30,45.80,95.02,"High productivity / strong attendance"
25754,"Grace Grace Ava Johnson","Engineering Department",Consultant,12584.00,568.00,13152.00,4.57,40,23.00,92.39,"High productivity / strong attendance"
621,"Mia Chen Taylor","Operations Department",Consultant,11720.00,1268.00,12988.00,4.57,30,68.60,92.79,"High productivity / strong attendance"
24151,"Ama Aisha Sakura Owusu","Customer Support Department",Assistant,11407.00,1467.00,12874.00,4.57,28,45.40,89.02,Monitor
24680,"Kofi Noah Adjei","Data and Analytics Department",Developer,10708.00,2121.00,12829.00,4.57,22,51.60,88.97,Monitor
126,"Sakura Adwoa Mia Williams","Data and Analytics Department",Assistant,11017.00,1760.00,12777.00,4.57,30,54.60,94.87,"High productivity / strong attendance"
14885,"Maria Hannah Charlotte Johnson","Operations Department",Analyst,10997.00,1771.00,12768.00,4.57,27,46.00,93.06,"High productivity / strong attendance"
16652,"Sofia Fatima Nguyen","Data and Analytics Department",Manager,11131.00,1490.00,12621.00,4.57,26,51.80,90.94,"High productivity / strong attendance"
24747,"Lina Hannah Adwoa Mensah","Marketing Department",Executive,11581.00,922.00,12503.00,4.57,30,22.20,93.71,"High productivity / strong attendance"
23278,"Chiamaka Zara Aisha Osei","Customer Support Department",Manager,10004.00,2437.00,12441.00,4.57,32,66.00,90.26,"High productivity / strong attendance"
22546,"Andres Samuel Ethan Williams","Product Management Department",Executive,9817.00,2471.00,12288.00,4.57,29,54.20,94.99,"High productivity / strong attendance"
29037,"Mia Sofia Isabella Dubois","Data and Analytics Department",Assistant,9860.00,2350.00,12210.00,4.57,21,70.00,91.53,"High productivity / strong attendance"
28089,"Kofi David Noah Smith","Marketing Department",Analyst,10142.00,1956.00,12098.00,4.57,22,39.40,91.16,"High productivity / strong attendance"
29199,"Olivia Ananya Kim","Finance Department",Manager,10766.00,1187.00,11953.00,4.57,24,64.60,91.74,"High productivity / strong attendance"
19629,"Victoria Victoria Mensah","Product Management Department",Assistant,10036.00,1815.00,11851.00,4.57,36,41.00,90.73,"High productivity / strong attendance"
17198,"Adwoa Naomi Boateng","Customer Support Department",Assistant,10453.00,1353.00,11806.00,4.57,32,65.00,92.39,"High productivity / strong attendance"
19747,"Ananya Isabella Boateng","Engineering Department",Assistant,9944.00,1859.00,11803.00,4.57,20,53.00,90.00,"High productivity / strong attendance"
23387,"Akosua Ama Schmidt","Product Management Department",Consultant,9757.00,1995.00,11752.00,4.57,29,38.80,92.88,"High productivity / strong attendance"
13360,"Kwame David Lopez","Product Management Department",Executive,8964.00,2292.00,11256.00,4.57,34,78.20,89.34,Monitor
1977,"Akosua Sophia Williams","Human Resources Department",Analyst,8720.00,2370.00,11090.00,4.57,26,70.60,93.22,"High productivity / strong attendance"
5864,"Hannah Adjei","Engineering Department",Assistant,8376.00,2690.00,11066.00,4.57,33,59.40,93.94,"High productivity / strong attendance"
28775,"Sakura Akosua Ama Patel","Operations Department",Assistant,8718.00,2180.00,10898.00,4.57,25,79.60,92.38,"High productivity / strong attendance"
20744,"Mia Chen Kim","Operations Department",Assistant,9572.00,1173.00,10745.00,4.57,19,78.20,90.94,"High productivity / strong attendance"
21194,"Olivia Mia Johnson","Marketing Department",Developer,8282.00,2458.00,10740.00,4.57,25,38.80,92.57,"High productivity / strong attendance"
4170,"Nathan Michael Mohammed Boateng","Engineering Department",Executive,10021.00,613.00,10634.00,4.57,31,44.40,94.02,"High productivity / strong attendance"
3027,"Ethan Liam Hiroshi Hassan","Marketing Department",Assistant,7760.00,2771.00,10531.00,4.57,26,80.40,88.24,Monitor
22686,"Adwoa Victoria Sofia Ivanov","Marketing Department",Executive,7437.00,2902.00,10339.00,4.57,24,39.20,93.15,"High productivity / strong attendance"
1820,"Sakura Ella Khan","Customer Support Department",Developer,7594.00,2663.00,10257.00,4.57,28,69.00,93.69,"High productivity / strong attendance"
3351,"Samuel Isaac Osei","Customer Support Department",Executive,8430.00,1793.00,10223.00,4.57,18,81.20,91.34,"High productivity / strong attendance"
6130,"Hannah Sophia Chiamaka Williams","Operations Department",Consultant,9292.00,931.00,10223.00,4.57,22,52.60,93.56,"High productivity / strong attendance"
6590,"Ava Aisha Taylor","Finance Department",Developer,9477.00,736.00,10213.00,4.57,28,51.80,92.35,"High productivity / strong attendance"
7922,"Mia Zara Hassan","Operations Department",Assistant,9414.00,685.00,10099.00,4.57,15,65.20,95.96,"High productivity / strong attendance"
19731,"Kojo Carlos Carlos Okafor","Operations Department",Assistant,9143.00,844.00,9987.00,4.57,29,35.60,91.22,"High productivity / strong attendance"
18745,"Michael Michael Mensah","Product Management Department",Assistant,7325.00,2549.00,9874.00,4.57,25,50.00,92.98,"High productivity / strong attendance"
16732,"Daniel Arjun Carlos Smith","Data and Analytics Department",Developer,6934.00,2908.00,9842.00,4.57,31,49.80,91.74,"High productivity / strong attendance"
29394,"Mateo Kojo Anderson","Engineering Department",Developer,7969.00,1790.00,9759.00,4.57,33,52.20,93.15,"High productivity / strong attendance"
2922,"Wei Patel","Customer Support Department",Executive,8292.00,1321.00,9613.00,4.57,40,49.00,94.63,"High productivity / strong attendance"
17511,"Grace Emily Sophia Rossi","Product Management Department",Executive,7871.00,1649.00,9520.00,4.57,32,19.20,94.42,"High productivity / strong attendance"
1829,"Ama Taylor","Engineering Department",Analyst,9123.00,378.00,9501.00,4.57,16,33.60,93.95,"High productivity / strong attendance"
756,"Olivia Martinez","Operations Department",Analyst,6284.00,2793.00,9077.00,4.57,26,64.80,92.56,"High productivity / strong attendance"
16600,"Chiamaka Olivia Aisha Johnson","Customer Support Department",Developer,8555.00,498.00,9053.00,4.57,29,31.80,92.14,"High productivity / strong attendance"
4666,"Daniel Kofi Williams","Data and Analytics Department",Assistant,8473.00,304.00,8777.00,4.57,33,66.40,93.76,"High productivity / strong attendance"
21045,"Andres Hiroshi Khan","Product Management Department",Developer,7430.00,1346.00,8776.00,4.57,37,62.00,89.55,Monitor
11942,"Kojo Samuel Osei","Operations Department",Analyst,7645.00,1118.00,8763.00,4.57,36,73.20,94.44,"High productivity / strong attendance"
27601,"Arjun Ethan Noah Lopez","Data and Analytics Department",Consultant,8241.00,514.00,8755.00,4.57,13,68.40,91.71,"High productivity / strong attendance"
16964,"Liam Carlos Jean Boateng","Human Resources Department",Assistant,6615.00,2071.00,8686.00,4.57,24,72.00,89.87,Monitor
4983,"Sofia Charlotte Aisha Hassan","Marketing Department",Developer,7227.00,951.00,8178.00,4.57,24,24.60,93.48,"High productivity / strong attendance"
17566,"Isabella Ama Olivia Kim","Finance Department",Manager,6180.00,1948.00,8128.00,4.57,20,81.00,90.77,"High productivity / strong attendance"
22385,"Ethan Liam Wei Hassan","Operations Department",Analyst,5074.00,2981.00,8055.00,4.57,18,75.20,90.05,"High productivity / strong attendance"
16547,"Sofia Ananya Lina Johnson","Engineering Department",Analyst,7656.00,386.00,8042.00,4.57,40,32.20,95.10,"High productivity / strong attendance"
14990,"Victoria Sophia Charlotte Schmidt","Product Management Department",Consultant,5682.00,2131.00,7813.00,4.57,31,61.80,97.10,"High productivity / strong attendance"
13794,"Hiroshi Wei Elijah Silva","Product Management Department",Analyst,6394.00,1364.00,7758.00,4.57,32,45.20,90.96,"High productivity / strong attendance"
7611,"Samuel Michael Kwame Brown","Customer Support Department",Executive,7317.00,441.00,7758.00,4.57,21,71.20,92.05,"High productivity / strong attendance"
21911,"Fatima Isabella Olivia Patel","Marketing Department",Consultant,4860.00,2825.00,7685.00,4.57,28,61.80,93.71,"High productivity / strong attendance"
9489,"Chen Ama Sophia Nguyen","Data and Analytics Department",Manager,6590.00,1017.00,7607.00,4.57,17,56.60,94.05,"High productivity / strong attendance"
9408,"Alexander Nathan Nguyen","Marketing Department",Manager,6358.00,1191.00,7549.00,4.57,28,72.20,89.44,Monitor
8218,"Noah Hiroshi Mateo Martinez","Product Management Department",Assistant,5143.00,2370.00,7513.00,4.57,31,65.20,92.46,"High productivity / strong attendance"
25138,"Arjun Liam Samuel Campbell","Human Resources Department",Analyst,6724.00,603.00,7327.00,4.57,31,31.20,93.90,"High productivity / strong attendance"
14268,"Luca Samuel Samuel Adjei","Customer Support Department",Developer,6311.00,983.00,7294.00,4.57,16,30.20,92.01,"High productivity / strong attendance"
1501,"Olivia Zara Dubois","Data and Analytics Department",Executive,6816.00,399.00,7215.00,4.57,14,84.60,90.15,"High productivity / strong attendance"
8068,"Liam David Owusu","Operations Department",Developer,5400.00,1694.00,7094.00,4.57,29,37.40,88.70,Monitor
14258,"Liam Noah Kim","Customer Support Department",Assistant,4482.00,2612.00,7094.00,4.57,30,31.40,92.18,"High productivity / strong attendance"
24596,"Maria Abena Campbell","Data and Analytics Department",Analyst,4697.00,2371.00,7068.00,4.57,41,57.00,89.31,Monitor
10358,"Luca Luca Silva","Engineering Department",Developer,6056.00,717.00,6773.00,4.57,28,72.20,91.45,"High productivity / strong attendance"
388,"Mia Ava Hassan","Engineering Department",Executive,4825.00,1942.00,6767.00,4.57,22,51.00,96.01,"High productivity / strong attendance"
25931,"Noah Yusuf Omar Okafor","Human Resources Department",Consultant,5883.00,831.00,6714.00,4.57,22,57.20,91.60,"High productivity / strong attendance"
15930,"Grace Ama Owusu","Data and Analytics Department",Assistant,5739.00,891.00,6630.00,4.57,30,88.20,94.11,"High productivity / strong attendance"
21395,"Grace Ella Olivia Smith","Customer Support Department",Executive,5982.00,471.00,6453.00,4.57,23,71.40,94.01,"High productivity / strong attendance"
18094,"Samuel Carlos Owusu","Product Management Department",Analyst,5003.00,1449.00,6452.00,4.57,26,35.80,94.31,"High productivity / strong attendance"
14165,"Adwoa Victoria Sakura Boateng","Marketing Department",Executive,3852.00,2569.00,6421.00,4.57,32,33.00,91.35,"High productivity / strong attendance"
7105,"Daniel Isaac Wei Ivanov","Customer Support Department",Assistant,3915.00,2433.00,6348.00,4.57,35,27.40,90.60,"High productivity / strong attendance"
21960,"Fatima Charlotte Adjei","Customer Support Department",Assistant,4877.00,1322.00,6199.00,4.57,23,84.60,93.06,"High productivity / strong attendance"
779,"Daniel Carlos Yaw Mensah","Marketing Department",Manager,4728.00,1089.00,5817.00,4.57,26,47.80,90.06,"High productivity / strong attendance"
26796,"Samuel Kojo Liam Patel","Finance Department",Manager,3136.00,2654.00,5790.00,4.57,25,64.20,91.60,"High productivity / strong attendance"
6032,"Isaac Nathan Johnson","Marketing Department",Assistant,4765.00,414.00,5179.00,4.57,33,34.20,88.20,Monitor
18159,"Omar Michael Wei Smith","Customer Support Department",Assistant,3550.00,1508.00,5058.00,4.57,19,29.80,91.76,"High productivity / strong attendance"
26875,"Zara Emily Olivia Taylor","Engineering Department",Executive,4027.00,727.00,4754.00,4.57,31,71.20,95.45,"High productivity / strong attendance"
22114,"Abena Fatima Akosua Rossi","Finance Department",Consultant,3454.00,726.00,4180.00,4.57,33,49.20,91.50,"High productivity / strong attendance"
29387,"Chen Lina Zara Brown","Marketing Department",Assistant,2870.00,1182.00,4052.00,4.57,31,84.60,90.45,"High productivity / strong attendance"
18838,"Olivia Ananya Sakura Osei","Marketing Department",Analyst,3671.00,358.00,4029.00,4.57,37,27.00,89.71,Monitor
20005,"Hannah Emily Charlotte Kim","Marketing Department",Developer,2989.00,781.00,3770.00,4.57,24,39.60,93.62,"High productivity / strong attendance"
19479,"Ella Ava Adwoa Boateng","Operations Department",Executive,3310.00,303.00,3613.00,4.57,19,29.00,91.45,"High productivity / strong attendance"
7964,"Yaw Sebastian Patel","Data and Analytics Department",Assistant,14347.00,2972.00,17319.00,4.56,31,43.60,92.47,"High productivity / strong attendance"
11493,"Sakura Naomi Mensah","Data and Analytics Department",Developer,14908.00,2316.00,17224.00,4.56,27,63.00,90.14,"High productivity / strong attendance"
19448,"Adwoa Olivia Hannah Lopez","Engineering Department",Assistant,14470.00,2196.00,16666.00,4.56,35,47.20,90.63,"High productivity / strong attendance"
29033,"Abena Charlotte Ella Khan","Operations Department",Manager,13994.00,2481.00,16475.00,4.56,28,58.00,90.48,"High productivity / strong attendance"
25153,"Yusuf Mohammed Andres Campbell","Data and Analytics Department",Developer,13895.00,2480.00,16375.00,4.56,28,33.60,92.78,"High productivity / strong attendance"
45,"Ella Aisha Badu","Customer Support Department",Manager,12905.00,2970.00,15875.00,4.56,28,77.80,92.43,"High productivity / strong attendance"
6077,"Adwoa Charlotte Isabella Kim","Engineering Department",Developer,14597.00,1247.00,15844.00,4.56,22,55.80,94.85,"High productivity / strong attendance"
4618,"Chen Ella Adjei","Marketing Department",Consultant,13208.00,2613.00,15821.00,4.56,29,38.40,93.50,"High productivity / strong attendance"
23498,"Chiamaka Hannah Ava Badu","Product Management Department",Manager,14392.00,1401.00,15793.00,4.56,26,58.60,90.98,"High productivity / strong attendance"
20988,"Mia Olivia Emily Anderson","Data and Analytics Department",Analyst,13781.00,1955.00,15736.00,4.56,21,53.40,94.37,"High productivity / strong attendance"
23731,"Victoria Charlotte Williams","Marketing Department",Manager,13312.00,2331.00,15643.00,4.56,19,34.00,89.96,Monitor
23628,"Zara Grace Sophia Martinez","Operations Department",Consultant,14275.00,1199.00,15474.00,4.56,24,80.60,93.98,"High productivity / strong attendance"
25220,"Sakura Maria Ella Patel","Data and Analytics Department",Manager,14802.00,634.00,15436.00,4.56,22,84.20,89.85,Monitor
16280,"Luca Nathan Elijah Patel","Engineering Department",Manager,13081.00,2097.00,15178.00,4.56,36,75.00,92.20,"High productivity / strong attendance"
19071,"Michael Liam Michael Dubois","Engineering Department",Assistant,13176.00,1703.00,14879.00,4.56,25,67.40,93.78,"High productivity / strong attendance"
1400,"Kofi Smith","Customer Support Department",Consultant,13436.00,1327.00,14763.00,4.56,31,80.40,90.18,"High productivity / strong attendance"
19376,"Kwame Arjun Mohammed Okafor","Engineering Department",Manager,13343.00,1369.00,14712.00,4.56,15,37.80,91.62,"High productivity / strong attendance"
11814,"Olivia Ama Ananya Smith","Marketing Department",Executive,13462.00,1175.00,14637.00,4.56,28,37.20,89.93,Monitor
601,"Ama Chen Olivia Adjei","Customer Support Department",Manager,13617.00,950.00,14567.00,4.56,29,46.80,91.28,"High productivity / strong attendance"
20449,"Daniel Yaw Sebastian Mensah","Human Resources Department",Developer,13915.00,629.00,14544.00,4.56,26,42.80,94.17,"High productivity / strong attendance"
339,"Ella Isabella Maria Hassan","Customer Support Department",Executive,11370.00,2730.00,14100.00,4.56,23,32.80,92.27,"High productivity / strong attendance"
7002,"Abena Hannah Zara Patel","Human Resources Department",Assistant,13330.00,528.00,13858.00,4.56,32,33.00,93.25,"High productivity / strong attendance"
6851,"Kwame Hassan","Data and Analytics Department",Consultant,11090.00,2693.00,13783.00,4.56,22,36.80,92.87,"High productivity / strong attendance"
11199,"Kwame Wei Martinez","Finance Department",Executive,10621.00,2946.00,13567.00,4.56,34,29.60,92.45,"High productivity / strong attendance"
11650,"Yaw Mateo Noah Lopez","Data and Analytics Department",Executive,10907.00,2303.00,13210.00,4.56,19,76.80,92.75,"High productivity / strong attendance"
20109,"David Daniel Williams","Product Management Department",Assistant,11496.00,1581.00,13077.00,4.56,20,16.20,92.00,"High productivity / strong attendance"
20958,"Charlotte Grace Dubois","Marketing Department",Consultant,11507.00,1564.00,13071.00,4.56,30,66.60,90.60,"High productivity / strong attendance"
13637,"Chiamaka Akosua Adwoa Dubois","Engineering Department",Assistant,11209.00,1690.00,12899.00,4.56,27,71.80,93.06,"High productivity / strong attendance"
12034,"Daniel Noah Ivanov","Data and Analytics Department",Executive,11096.00,1791.00,12887.00,4.56,26,49.40,94.38,"High productivity / strong attendance"
7205,"Andres Andres Omar Johnson","Operations Department",Consultant,10776.00,2088.00,12864.00,4.56,36,24.60,91.86,"High productivity / strong attendance"
490,"Hannah Lina Ananya Boateng","Data and Analytics Department",Consultant,12070.00,610.00,12680.00,4.56,30,18.00,93.53,"High productivity / strong attendance"
11541,"Kojo Kojo Smith","Product Management Department",Executive,12121.00,487.00,12608.00,4.56,23,64.80,93.75,"High productivity / strong attendance"
26584,"Ava Zara Abena Ivanov","Data and Analytics Department",Executive,9876.00,2697.00,12573.00,4.56,15,50.20,92.58,"High productivity / strong attendance"
18892,"Isaac Ethan Kofi Owusu","Customer Support Department",Developer,11154.00,1413.00,12567.00,4.56,34,37.60,89.24,Monitor
13295,"Samuel Andres Williams","Marketing Department",Analyst,11669.00,677.00,12346.00,4.56,22,78.80,90.65,"High productivity / strong attendance"
19818,"Kofi Michael Mohammed Hassan","Marketing Department",Analyst,10165.00,2132.00,12297.00,4.56,24,76.40,92.72,"High productivity / strong attendance"
7942,"Isaac Omar Yaw Johnson","Human Resources Department",Executive,9456.00,2834.00,12290.00,4.56,26,88.80,91.43,"High productivity / strong attendance"
25031,"Mohammed Sebastian Jean Badu","Marketing Department",Assistant,10632.00,1603.00,12235.00,4.56,26,71.40,94.49,"High productivity / strong attendance"
14630,"Wei Kwame Kim","Product Management Department",Executive,9091.00,2972.00,12063.00,4.56,39,27.80,93.26,"High productivity / strong attendance"
2145,"Chen Maria Boateng","Engineering Department",Developer,9824.00,2218.00,12042.00,4.56,29,43.60,93.17,"High productivity / strong attendance"
27337,"Ama Isabella Akosua Mensah","Engineering Department",Executive,10156.00,1705.00,11861.00,4.56,33,61.60,94.32,"High productivity / strong attendance"
715,"Samuel Schmidt","Engineering Department",Developer,9134.00,2610.00,11744.00,4.56,25,55.40,93.32,"High productivity / strong attendance"
26555,"Aisha Hannah Victoria Osei","Engineering Department",Executive,9925.00,1755.00,11680.00,4.56,26,59.00,91.85,"High productivity / strong attendance"
6472,"Alexander Samuel Michael Martinez","Operations Department",Analyst,11175.00,471.00,11646.00,4.56,24,56.00,93.48,"High productivity / strong attendance"
26089,"Fatima Chen Isabella Taylor","Human Resources Department",Consultant,9783.00,1748.00,11531.00,4.56,22,54.40,93.45,"High productivity / strong attendance"
1415,"Yaw Andres Mensah","Product Management Department",Analyst,9128.00,2339.00,11467.00,4.56,25,83.20,92.17,"High productivity / strong attendance"
2734,"Zara Maria Hassan","Marketing Department",Executive,10246.00,812.00,11058.00,4.56,26,75.80,93.64,"High productivity / strong attendance"
11734,"Daniel Andres Johnson","Human Resources Department",Executive,9893.00,1111.00,11004.00,4.56,32,46.40,90.26,"High productivity / strong attendance"
9630,"Chen Sakura Emily Nguyen","Customer Support Department",Consultant,9479.00,1361.00,10840.00,4.56,27,32.80,90.20,"High productivity / strong attendance"
14532,"Sebastian Ethan Lopez","Data and Analytics Department",Developer,9268.00,1527.00,10795.00,4.56,25,85.00,93.98,"High productivity / strong attendance"
6943,"Maria Isabella Kim","Human Resources Department",Consultant,10244.00,547.00,10791.00,4.56,25,37.60,93.44,"High productivity / strong attendance"
23717,"Naomi Naomi Fatima Campbell","Product Management Department",Analyst,7944.00,2834.00,10778.00,4.56,19,83.00,92.37,"High productivity / strong attendance"
24648,"Aisha Chiamaka Lina Garcia","Data and Analytics Department",Assistant,10265.00,359.00,10624.00,4.56,23,70.80,91.66,"High productivity / strong attendance"
6650,"Isaac Osei","Finance Department",Executive,9713.00,892.00,10605.00,4.56,33,39.20,93.96,"High productivity / strong attendance"
20916,"Alexander Sebastian Alexander Lopez","Human Resources Department",Analyst,7674.00,2870.00,10544.00,4.56,27,57.20,91.83,"High productivity / strong attendance"
16412,"Ava Ama Mia Silva","Data and Analytics Department",Consultant,9990.00,468.00,10458.00,4.56,34,45.60,90.31,"High productivity / strong attendance"
21641,"Omar Isaac Hassan","Customer Support Department",Analyst,9058.00,1399.00,10457.00,4.56,22,46.00,92.97,"High productivity / strong attendance"
3855,"Lina Olivia Akosua Williams","Data and Analytics Department",Consultant,7767.00,2665.00,10432.00,4.56,21,45.40,93.05,"High productivity / strong attendance"
233,"Liam David Taylor","Product Management Department",Executive,7847.00,2564.00,10411.00,4.56,25,61.80,93.74,"High productivity / strong attendance"
